<?xml version="1.0" encoding="UTF-8"?><rss version="2.0"
	xmlns:content="http://purl.org/rss/1.0/modules/content/"
	xmlns:dc="http://purl.org/dc/elements/1.1/"
	xmlns:atom="http://www.w3.org/2005/Atom"
	xmlns:sy="http://purl.org/rss/1.0/modules/syndication/"
	
	>
<channel>
	<title>
	Comments on: Ten Moments That Basically Sum Up Your Wedding Experience	</title>
	<atom:link href="/2021/07/20/ten-moments-that-basically-sum-up-your-wedding-experience/feed/" rel="self" type="application/rss+xml" />
	<link>/2021/07/20/ten-moments-that-basically-sum-up-your-wedding-experience/</link>
	<description></description>
	<lastBuildDate>Tue, 20 Jul 2021 06:37:46 +0000</lastBuildDate>
	<sy:updatePeriod>
	hourly	</sy:updatePeriod>
	<sy:updateFrequency>
	1	</sy:updateFrequency>
	<generator>https://wordpress.org/?v=6.5</generator>
</channel>
</rss>
