<?xml version="1.0" encoding="UTF-8"?><rss version="2.0"
	xmlns:content="http://purl.org/rss/1.0/modules/content/"
	xmlns:dc="http://purl.org/dc/elements/1.1/"
	xmlns:atom="http://www.w3.org/2005/Atom"
	xmlns:sy="http://purl.org/rss/1.0/modules/syndication/"
	
	>
<channel>
	<title>
	Comments on: Diam volutpat commodo sed egestas egestas fringilla	</title>
	<atom:link href="/2022/03/31/diam-volutpat-commodo-sed-egestas-egestas-fringilla/feed/" rel="self" type="application/rss+xml" />
	<link>/2022/03/31/diam-volutpat-commodo-sed-egestas-egestas-fringilla/</link>
	<description></description>
	<lastBuildDate>Thu, 31 Mar 2022 12:31:00 +0000</lastBuildDate>
	<sy:updatePeriod>
	hourly	</sy:updatePeriod>
	<sy:updateFrequency>
	1	</sy:updateFrequency>
	<generator>https://wordpress.org/?v=6.5</generator>
</channel>
</rss>
