<?xml version="1.0" encoding="UTF-8"?><rss version="2.0"
	xmlns:content="http://purl.org/rss/1.0/modules/content/"
	xmlns:dc="http://purl.org/dc/elements/1.1/"
	xmlns:atom="http://www.w3.org/2005/Atom"
	xmlns:sy="http://purl.org/rss/1.0/modules/syndication/"
	
	>
<channel>
	<title>
	Comments on: Bibendum arcu vitae elementum curabitur vitae nunc	</title>
	<atom:link href="/2022/03/30/bibendum-arcu-vitae-elementum-curabitur-vitae-nunc/feed/" rel="self" type="application/rss+xml" />
	<link>/2022/03/30/bibendum-arcu-vitae-elementum-curabitur-vitae-nunc/</link>
	<description></description>
	<lastBuildDate>Wed, 30 Mar 2022 14:26:35 +0000</lastBuildDate>
	<sy:updatePeriod>
	hourly	</sy:updatePeriod>
	<sy:updateFrequency>
	1	</sy:updateFrequency>
	<generator>https://wordpress.org/?v=6.5</generator>
</channel>
</rss>
