<?xml version="1.0" encoding="UTF-8"?><rss version="2.0"
	xmlns:content="http://purl.org/rss/1.0/modules/content/"
	xmlns:wfw="http://wellformedweb.org/CommentAPI/"
	xmlns:dc="http://purl.org/dc/elements/1.1/"
	xmlns:atom="http://www.w3.org/2005/Atom"
	xmlns:sy="http://purl.org/rss/1.0/modules/syndication/"
	xmlns:slash="http://purl.org/rss/1.0/modules/slash/"
	>

<channel>
	<title>Admin &#8211; Website Hizmet | Hazır Site | Kurulum</title>
	<atom:link href="/author/admin/feed/" rel="self" type="application/rss+xml" />
	<link></link>
	<description></description>
	<lastBuildDate>Thu, 31 Mar 2022 13:03:09 +0000</lastBuildDate>
	<language>en-US</language>
	<sy:updatePeriod>
	hourly	</sy:updatePeriod>
	<sy:updateFrequency>
	1	</sy:updateFrequency>
	<generator>https://wordpress.org/?v=6.5</generator>
	<item>
		<title>Condimentum mattis pellentesque id nibh tortor</title>
		<link>/2022/03/31/condimentum-mattis-pellentesque-id-nibh-tortor/</link>
					<comments>/2022/03/31/condimentum-mattis-pellentesque-id-nibh-tortor/#respond</comments>
		
		<dc:creator><![CDATA[Admin]]></dc:creator>
		<pubDate>Thu, 31 Mar 2022 13:03:09 +0000</pubDate>
				<category><![CDATA[Home Cleaning]]></category>
		<guid isPermaLink="false">https://demo.creativethemes.com/blocksy/cleaning-service/?p=348</guid>

					<description><![CDATA[Lorem ipsum dolor sit amet, consectetur adipiscing elit, sed do eiusmod tempor incididunt ut labore [&#8230;]]]></description>
										<content:encoded><![CDATA[
<p>Lorem ipsum dolor sit amet, consectetur adipiscing elit, sed do eiusmod tempor incididunt ut labore et dolore magna aliqua. Bibendum enim facilisis gravida neque. Tincidunt eget nullam non nisi est sit. Enim ut tellus elementum sagittis vitae et leo duis. Aenean et tortor at risus viverra. Gravida quis blandit turpis cursus in. Nisi porta lorem mollis aliquam ut porttitor leo. Sit amet nisl suscipit adipiscing bibendum est ultricies integer quis. Condimentum mattis pellentesque id nibh tortor id aliquet lectus. Mi tempus imperdiet nulla malesuada pellentesque elit eget gravida cum. Diam volutpat commodo sed egestas egestas fringilla phasellus. Non nisi est sit amet facilisis. Hendrerit dolor magna eget est lorem. Mauris pellentesque pulvinar pellentesque habitant morbi. Platea dictumst vestibulum rhoncus est pellentesque. Aliquet porttitor lacus luctus accumsan tortor posuere ac ut.</p>



<p>Nisi lacus sed viverra tellus in hac habitasse. Facilisis leo vel fringilla est ullamcorper eget. Faucibus ornare suspendisse sed nisi lacus sed viverra tellus in. Enim eu turpis egestas pretium aenean pharetra. Gravida neque convallis a cras semper auctor. Et egestas quis ipsum suspendisse. Risus ultricies tristique nulla aliquet enim tortor. Enim nec dui nunc mattis. Adipiscing tristique risus nec feugiat in fermentum posuere urna nec. Consectetur a erat nam at. Purus sit amet volutpat consequat. Mi eget mauris pharetra et. Nibh praesent tristique magna sit amet purus gravida.</p>



<p>Interdum consectetur libero id faucibus nisl tincidunt eget. Enim sed faucibus turpis in eu mi bibendum neque egestas. Dictum fusce ut placerat orci nulla pellentesque. Nibh cras pulvinar mattis nunc sed blandit. Amet mauris commodo quis imperdiet massa tincidunt nunc. Felis eget velit aliquet sagittis id. Sed odio morbi quis commodo odio aenean sed adipiscing diam. Sodales ut eu sem integer vitae justo eget. Tellus rutrum tellus pellentesque eu tincidunt. Amet volutpat consequat mauris nunc congue nisi. Urna nec tincidunt praesent semper feugiat nibh sed pulvinar proin. Curabitur gravida arcu ac tortor dignissim. Blandit massa enim nec dui nunc mattis enim. Consectetur adipiscing elit duis tristique.</p>



<p>Suspendisse interdum consectetur libero id faucibus nisl tincidunt. Tortor posuere ac ut consequat semper viverra. Nunc sed blandit libero volutpat sed cras ornare. Odio eu feugiat pretium nibh ipsum consequat nisl. Ut consequat semper viverra nam libero justo laoreet sit amet. Ultrices in iaculis nunc sed augue lacus viverra. Eu mi bibendum neque egestas congue quisque egestas diam. Pulvinar pellentesque habitant morbi tristique. Facilisi etiam dignissim diam quis enim lobortis scelerisque fermentum. Mattis vulputate enim nulla aliquet porttitor. Ipsum dolor sit amet consectetur. Dictum at tempor commodo ullamcorper a. Quisque egestas diam in arcu cursus euismod quis. Tristique senectus et netus et malesuada. Elementum eu facilisis sed odio. Quis auctor elit sed vulputate mi sit amet mauris commodo.</p>



<p>Est velit egestas dui id ornare arcu. Arcu felis bibendum ut tristique. Cras sed felis eget velit aliquet sagittis id consectetur purus. In cursus turpis massa tincidunt. Lectus quam id leo in vitae turpis massa sed elementum. Urna nunc id cursus metus aliquam eleifend. Pulvinar sapien et ligula ullamcorper malesuada. Adipiscing bibendum est ultricies integer quis auctor. Urna duis convallis convallis tellus id interdum velit laoreet. Sem nulla pharetra diam sit amet nisl. Viverra tellus in hac habitasse platea dictumst vestibulum. Commodo quis imperdiet massa tincidunt. Erat nam at lectus urna duis convallis convallis. Placerat in egestas erat imperdiet. Vel orci porta non pulvinar neque laoreet suspendisse interdum. Consectetur purus ut faucibus pulvinar elementum integer enim neque. Amet est placerat in egestas erat. Pellentesque sit amet porttitor eget. Enim neque volutpat ac tincidunt vitae semper quis.</p>
]]></content:encoded>
					
					<wfw:commentRss>/2022/03/31/condimentum-mattis-pellentesque-id-nibh-tortor/feed/</wfw:commentRss>
			<slash:comments>0</slash:comments>
		
		
			</item>
		<item>
		<title>Diam volutpat commodo sed egestas egestas fringilla</title>
		<link>/2022/03/31/diam-volutpat-commodo-sed-egestas-egestas-fringilla/</link>
					<comments>/2022/03/31/diam-volutpat-commodo-sed-egestas-egestas-fringilla/#respond</comments>
		
		<dc:creator><![CDATA[Admin]]></dc:creator>
		<pubDate>Thu, 31 Mar 2022 12:31:00 +0000</pubDate>
				<category><![CDATA[Home Cleaning]]></category>
		<guid isPermaLink="false">https://demo.creativethemes.com/blocksy/cleaning-service/?p=327</guid>

					<description><![CDATA[Lorem ipsum dolor sit amet, consectetur adipiscing elit, sed do eiusmod tempor incididunt ut labore [&#8230;]]]></description>
										<content:encoded><![CDATA[
<p>Lorem ipsum dolor sit amet, consectetur adipiscing elit, sed do eiusmod tempor incididunt ut labore et dolore magna aliqua. Bibendum enim facilisis gravida neque. Tincidunt eget nullam non nisi est sit. Enim ut tellus elementum sagittis vitae et leo duis. Aenean et tortor at risus viverra. Gravida quis blandit turpis cursus in. Nisi porta lorem mollis aliquam ut porttitor leo. Sit amet nisl suscipit adipiscing bibendum est ultricies integer quis. Condimentum mattis pellentesque id nibh tortor id aliquet lectus. Mi tempus imperdiet nulla malesuada pellentesque elit eget gravida cum. Diam volutpat commodo sed egestas egestas fringilla phasellus. Non nisi est sit amet facilisis. Hendrerit dolor magna eget est lorem. Mauris pellentesque pulvinar pellentesque habitant morbi. Platea dictumst vestibulum rhoncus est pellentesque. Aliquet porttitor lacus luctus accumsan tortor posuere ac ut.</p>



<p>Nisi lacus sed viverra tellus in hac habitasse. Facilisis leo vel fringilla est ullamcorper eget. Faucibus ornare suspendisse sed nisi lacus sed viverra tellus in. Enim eu turpis egestas pretium aenean pharetra. Gravida neque convallis a cras semper auctor. Et egestas quis ipsum suspendisse. Risus ultricies tristique nulla aliquet enim tortor. Enim nec dui nunc mattis. Adipiscing tristique risus nec feugiat in fermentum posuere urna nec. Consectetur a erat nam at. Purus sit amet volutpat consequat. Mi eget mauris pharetra et. Nibh praesent tristique magna sit amet purus gravida.</p>



<p>Interdum consectetur libero id faucibus nisl tincidunt eget. Enim sed faucibus turpis in eu mi bibendum neque egestas. Dictum fusce ut placerat orci nulla pellentesque. Nibh cras pulvinar mattis nunc sed blandit. Amet mauris commodo quis imperdiet massa tincidunt nunc. Felis eget velit aliquet sagittis id. Sed odio morbi quis commodo odio aenean sed adipiscing diam. Sodales ut eu sem integer vitae justo eget. Tellus rutrum tellus pellentesque eu tincidunt. Amet volutpat consequat mauris nunc congue nisi. Urna nec tincidunt praesent semper feugiat nibh sed pulvinar proin. Curabitur gravida arcu ac tortor dignissim. Blandit massa enim nec dui nunc mattis enim. Consectetur adipiscing elit duis tristique.</p>



<p>Suspendisse interdum consectetur libero id faucibus nisl tincidunt. Tortor posuere ac ut consequat semper viverra. Nunc sed blandit libero volutpat sed cras ornare. Odio eu feugiat pretium nibh ipsum consequat nisl. Ut consequat semper viverra nam libero justo laoreet sit amet. Ultrices in iaculis nunc sed augue lacus viverra. Eu mi bibendum neque egestas congue quisque egestas diam. Pulvinar pellentesque habitant morbi tristique. Facilisi etiam dignissim diam quis enim lobortis scelerisque fermentum. Mattis vulputate enim nulla aliquet porttitor. Ipsum dolor sit amet consectetur. Dictum at tempor commodo ullamcorper a. Quisque egestas diam in arcu cursus euismod quis. Tristique senectus et netus et malesuada. Elementum eu facilisis sed odio. Quis auctor elit sed vulputate mi sit amet mauris commodo.</p>



<p>Est velit egestas dui id ornare arcu. Arcu felis bibendum ut tristique. Cras sed felis eget velit aliquet sagittis id consectetur purus. In cursus turpis massa tincidunt. Lectus quam id leo in vitae turpis massa sed elementum. Urna nunc id cursus metus aliquam eleifend. Pulvinar sapien et ligula ullamcorper malesuada. Adipiscing bibendum est ultricies integer quis auctor. Urna duis convallis convallis tellus id interdum velit laoreet. Sem nulla pharetra diam sit amet nisl. Viverra tellus in hac habitasse platea dictumst vestibulum. Commodo quis imperdiet massa tincidunt. Erat nam at lectus urna duis convallis convallis. Placerat in egestas erat imperdiet. Vel orci porta non pulvinar neque laoreet suspendisse interdum. Consectetur purus ut faucibus pulvinar elementum integer enim neque. Amet est placerat in egestas erat. Pellentesque sit amet porttitor eget. Enim neque volutpat ac tincidunt vitae semper quis.</p>
]]></content:encoded>
					
					<wfw:commentRss>/2022/03/31/diam-volutpat-commodo-sed-egestas-egestas-fringilla/feed/</wfw:commentRss>
			<slash:comments>0</slash:comments>
		
		
			</item>
		<item>
		<title>Bibendum arcu vitae elementum curabitur vitae nunc</title>
		<link>/2022/03/30/bibendum-arcu-vitae-elementum-curabitur-vitae-nunc/</link>
					<comments>/2022/03/30/bibendum-arcu-vitae-elementum-curabitur-vitae-nunc/#respond</comments>
		
		<dc:creator><![CDATA[Admin]]></dc:creator>
		<pubDate>Wed, 30 Mar 2022 14:26:35 +0000</pubDate>
				<category><![CDATA[Home Cleaning]]></category>
		<guid isPermaLink="false">https://demo.creativethemes.com/blocksy/cleaning-service/?p=601</guid>

					<description><![CDATA[Lorem ipsum dolor sit amet, consectetur adipiscing elit, sed do eiusmod tempor incididunt ut labore [&#8230;]]]></description>
										<content:encoded><![CDATA[
<p>Lorem ipsum dolor sit amet, consectetur adipiscing elit, sed do eiusmod tempor incididunt ut labore et dolore magna aliqua. Justo laoreet sit amet cursus sit amet dictum sit. Viverra vitae congue eu consequat ac felis donec et. Pellentesque habitant morbi tristique senectus et netus et malesuada. Gravida quis blandit turpis cursus in hac. Sed risus ultricies tristique nulla aliquet enim tortor at auctor. Eget magna fermentum iaculis eu non diam phasellus vestibulum lorem. Sem nulla pharetra diam sit amet nisl suscipit adipiscing. Tristique senectus et netus et malesuada. Viverra ipsum nunc aliquet bibendum enim facilisis gravida. Eros in cursus turpis massa tincidunt dui ut ornare lectus. Ut morbi tincidunt augue interdum velit. Nunc vel risus commodo viverra maecenas accumsan lacus. Facilisis gravida neque convallis a.</p>



<p>Quam quisque id diam vel quam elementum pulvinar etiam non. Justo nec ultrices dui sapien eget mi. Erat nam at lectus urna. Viverra ipsum nunc aliquet bibendum enim facilisis gravida neque convallis. Urna duis convallis convallis tellus id. Sit amet commodo nulla facilisi nullam vehicula ipsum a. Faucibus vitae aliquet nec ullamcorper sit amet. Eget velit aliquet sagittis id consectetur purus ut faucibus pulvinar. Volutpat maecenas volutpat blandit aliquam. Ac tortor vitae purus faucibus. Risus quis varius quam quisque id diam vel.</p>



<p>Augue interdum velit euismod in pellentesque massa. Morbi blandit cursus risus at ultrices mi tempus imperdiet nulla. Aliquam vestibulum morbi blandit cursus risus at. Adipiscing bibendum est ultricies integer quis auctor. Et leo duis ut diam quam nulla. Sed velit dignissim sodales ut eu. Magna etiam tempor orci eu lobortis elementum nibh tellus molestie. Ornare massa eget egestas purus. Tempus egestas sed sed risus pretium quam vulputate. Commodo sed egestas egestas fringilla. Quis ipsum suspendisse ultrices gravida dictum fusce.</p>



<p>Vitae et leo duis ut diam quam nulla porttitor. Etiam sit amet nisl purus in. Ut tortor pretium viverra suspendisse. Bibendum arcu vitae elementum curabitur vitae nunc sed velit. Cras tincidunt lobortis feugiat vivamus. Lacus sed viverra tellus in. Egestas diam in arcu cursus. Venenatis cras sed felis eget velit aliquet sagittis id consectetur. Suspendisse interdum consectetur libero id faucibus. Non tellus orci ac auctor augue mauris. Nibh praesent tristique magna sit amet purus gravida. A erat nam at lectus urna duis. Morbi quis commodo odio aenean sed adipiscing diam donec adipiscing. Dignissim convallis aenean et tortor at risus viverra adipiscing. Tristique magna sit amet purus. Id ornare arcu odio ut sem nulla. Amet nulla facilisi morbi tempus iaculis urna id volutpat lacus. Ullamcorper eget nulla facilisi etiam dignissim diam quis enim lobortis. Laoreet suspendisse interdum consectetur libero id. Bibendum arcu vitae elementum curabitur vitae nunc sed velit.</p>



<p>Amet massa vitae tortor condimentum lacinia. Sodales ut eu sem integer vitae justo. Sed euismod nisi porta lorem mollis aliquam. Tempus egestas sed sed risus. Etiam non quam lacus suspendisse faucibus interdum posuere. Diam vel quam elementum pulvinar etiam non. Tellus orci ac auctor augue mauris augue neque gravida in. Viverra aliquet eget sit amet. Arcu non odio euismod lacinia at quis risus. Sagittis orci a scelerisque purus semper eget duis at tellus. Pellentesque eu tincidunt tortor aliquam nulla facilisi.</p>
]]></content:encoded>
					
					<wfw:commentRss>/2022/03/30/bibendum-arcu-vitae-elementum-curabitur-vitae-nunc/feed/</wfw:commentRss>
			<slash:comments>0</slash:comments>
		
		
			</item>
		<item>
		<title>Diam vel quam elementum pulvinar etiam non</title>
		<link>/2022/03/30/diam-vel-quam-elementum-pulvinar-etiam-non/</link>
					<comments>/2022/03/30/diam-vel-quam-elementum-pulvinar-etiam-non/#respond</comments>
		
		<dc:creator><![CDATA[Admin]]></dc:creator>
		<pubDate>Wed, 30 Mar 2022 14:24:22 +0000</pubDate>
				<category><![CDATA[Home Cleaning]]></category>
		<guid isPermaLink="false">https://demo.creativethemes.com/blocksy/cleaning-service/?p=598</guid>

					<description><![CDATA[Lorem ipsum dolor sit amet, consectetur adipiscing elit, sed do eiusmod tempor incididunt ut labore [&#8230;]]]></description>
										<content:encoded><![CDATA[
<p>Lorem ipsum dolor sit amet, consectetur adipiscing elit, sed do eiusmod tempor incididunt ut labore et dolore magna aliqua. Justo laoreet sit amet cursus sit amet dictum sit. Viverra vitae congue eu consequat ac felis donec et. Pellentesque habitant morbi tristique senectus et netus et malesuada. Gravida quis blandit turpis cursus in hac. Sed risus ultricies tristique nulla aliquet enim tortor at auctor. Eget magna fermentum iaculis eu non diam phasellus vestibulum lorem. Sem nulla pharetra diam sit amet nisl suscipit adipiscing. Tristique senectus et netus et malesuada. Viverra ipsum nunc aliquet bibendum enim facilisis gravida. Eros in cursus turpis massa tincidunt dui ut ornare lectus. Ut morbi tincidunt augue interdum velit. Nunc vel risus commodo viverra maecenas accumsan lacus. Facilisis gravida neque convallis a.</p>



<p>Quam quisque id diam vel quam elementum pulvinar etiam non. Justo nec ultrices dui sapien eget mi. Erat nam at lectus urna. Viverra ipsum nunc aliquet bibendum enim facilisis gravida neque convallis. Urna duis convallis convallis tellus id. Sit amet commodo nulla facilisi nullam vehicula ipsum a. Faucibus vitae aliquet nec ullamcorper sit amet. Eget velit aliquet sagittis id consectetur purus ut faucibus pulvinar. Volutpat maecenas volutpat blandit aliquam. Ac tortor vitae purus faucibus. Risus quis varius quam quisque id diam vel.</p>



<p>Augue interdum velit euismod in pellentesque massa. Morbi blandit cursus risus at ultrices mi tempus imperdiet nulla. Aliquam vestibulum morbi blandit cursus risus at. Adipiscing bibendum est ultricies integer quis auctor. Et leo duis ut diam quam nulla. Sed velit dignissim sodales ut eu. Magna etiam tempor orci eu lobortis elementum nibh tellus molestie. Ornare massa eget egestas purus. Tempus egestas sed sed risus pretium quam vulputate. Commodo sed egestas egestas fringilla. Quis ipsum suspendisse ultrices gravida dictum fusce.</p>



<p>Vitae et leo duis ut diam quam nulla porttitor. Etiam sit amet nisl purus in. Ut tortor pretium viverra suspendisse. Bibendum arcu vitae elementum curabitur vitae nunc sed velit. Cras tincidunt lobortis feugiat vivamus. Lacus sed viverra tellus in. Egestas diam in arcu cursus. Venenatis cras sed felis eget velit aliquet sagittis id consectetur. Suspendisse interdum consectetur libero id faucibus. Non tellus orci ac auctor augue mauris. Nibh praesent tristique magna sit amet purus gravida. A erat nam at lectus urna duis. Morbi quis commodo odio aenean sed adipiscing diam donec adipiscing. Dignissim convallis aenean et tortor at risus viverra adipiscing. Tristique magna sit amet purus. Id ornare arcu odio ut sem nulla. Amet nulla facilisi morbi tempus iaculis urna id volutpat lacus. Ullamcorper eget nulla facilisi etiam dignissim diam quis enim lobortis. Laoreet suspendisse interdum consectetur libero id. Bibendum arcu vitae elementum curabitur vitae nunc sed velit.</p>



<p>Amet massa vitae tortor condimentum lacinia. Sodales ut eu sem integer vitae justo. Sed euismod nisi porta lorem mollis aliquam. Tempus egestas sed sed risus. Etiam non quam lacus suspendisse faucibus interdum posuere. Diam vel quam elementum pulvinar etiam non. Tellus orci ac auctor augue mauris augue neque gravida in. Viverra aliquet eget sit amet. Arcu non odio euismod lacinia at quis risus. Sagittis orci a scelerisque purus semper eget duis at tellus. Pellentesque eu tincidunt tortor aliquam nulla facilisi.</p>
]]></content:encoded>
					
					<wfw:commentRss>/2022/03/30/diam-vel-quam-elementum-pulvinar-etiam-non/feed/</wfw:commentRss>
			<slash:comments>0</slash:comments>
		
		
			</item>
		<item>
		<title>Viverra ipsum nunc aliquet bibendum enim facilisis</title>
		<link>/2022/03/30/viverra-ipsum-nunc-aliquet-bibendum-enim-facilisis/</link>
					<comments>/2022/03/30/viverra-ipsum-nunc-aliquet-bibendum-enim-facilisis/#respond</comments>
		
		<dc:creator><![CDATA[Admin]]></dc:creator>
		<pubDate>Wed, 30 Mar 2022 14:22:45 +0000</pubDate>
				<category><![CDATA[Home Cleaning]]></category>
		<guid isPermaLink="false">https://demo.creativethemes.com/blocksy/cleaning-service/?p=595</guid>

					<description><![CDATA[Lorem ipsum dolor sit amet, consectetur adipiscing elit, sed do eiusmod tempor incididunt ut labore [&#8230;]]]></description>
										<content:encoded><![CDATA[
<p>Lorem ipsum dolor sit amet, consectetur adipiscing elit, sed do eiusmod tempor incididunt ut labore et dolore magna aliqua. Justo laoreet sit amet cursus sit amet dictum sit. Viverra vitae congue eu consequat ac felis donec et. Pellentesque habitant morbi tristique senectus et netus et malesuada. Gravida quis blandit turpis cursus in hac. Sed risus ultricies tristique nulla aliquet enim tortor at auctor. Eget magna fermentum iaculis eu non diam phasellus vestibulum lorem. Sem nulla pharetra diam sit amet nisl suscipit adipiscing. Tristique senectus et netus et malesuada. Viverra ipsum nunc aliquet bibendum enim facilisis gravida. Eros in cursus turpis massa tincidunt dui ut ornare lectus. Ut morbi tincidunt augue interdum velit. Nunc vel risus commodo viverra maecenas accumsan lacus. Facilisis gravida neque convallis a.</p>



<p>Quam quisque id diam vel quam elementum pulvinar etiam non. Justo nec ultrices dui sapien eget mi. Erat nam at lectus urna. Viverra ipsum nunc aliquet bibendum enim facilisis gravida neque convallis. Urna duis convallis convallis tellus id. Sit amet commodo nulla facilisi nullam vehicula ipsum a. Faucibus vitae aliquet nec ullamcorper sit amet. Eget velit aliquet sagittis id consectetur purus ut faucibus pulvinar. Volutpat maecenas volutpat blandit aliquam. Ac tortor vitae purus faucibus. Risus quis varius quam quisque id diam vel.</p>



<p>Augue interdum velit euismod in pellentesque massa. Morbi blandit cursus risus at ultrices mi tempus imperdiet nulla. Aliquam vestibulum morbi blandit cursus risus at. Adipiscing bibendum est ultricies integer quis auctor. Et leo duis ut diam quam nulla. Sed velit dignissim sodales ut eu. Magna etiam tempor orci eu lobortis elementum nibh tellus molestie. Ornare massa eget egestas purus. Tempus egestas sed sed risus pretium quam vulputate. Commodo sed egestas egestas fringilla. Quis ipsum suspendisse ultrices gravida dictum fusce.</p>



<p>Vitae et leo duis ut diam quam nulla porttitor. Etiam sit amet nisl purus in. Ut tortor pretium viverra suspendisse. Bibendum arcu vitae elementum curabitur vitae nunc sed velit. Cras tincidunt lobortis feugiat vivamus. Lacus sed viverra tellus in. Egestas diam in arcu cursus. Venenatis cras sed felis eget velit aliquet sagittis id consectetur. Suspendisse interdum consectetur libero id faucibus. Non tellus orci ac auctor augue mauris. Nibh praesent tristique magna sit amet purus gravida. A erat nam at lectus urna duis. Morbi quis commodo odio aenean sed adipiscing diam donec adipiscing. Dignissim convallis aenean et tortor at risus viverra adipiscing. Tristique magna sit amet purus. Id ornare arcu odio ut sem nulla. Amet nulla facilisi morbi tempus iaculis urna id volutpat lacus. Ullamcorper eget nulla facilisi etiam dignissim diam quis enim lobortis. Laoreet suspendisse interdum consectetur libero id. Bibendum arcu vitae elementum curabitur vitae nunc sed velit.</p>



<p>Amet massa vitae tortor condimentum lacinia. Sodales ut eu sem integer vitae justo. Sed euismod nisi porta lorem mollis aliquam. Tempus egestas sed sed risus. Etiam non quam lacus suspendisse faucibus interdum posuere. Diam vel quam elementum pulvinar etiam non. Tellus orci ac auctor augue mauris augue neque gravida in. Viverra aliquet eget sit amet. Arcu non odio euismod lacinia at quis risus. Sagittis orci a scelerisque purus semper eget duis at tellus. Pellentesque eu tincidunt tortor aliquam nulla facilisi.</p>
]]></content:encoded>
					
					<wfw:commentRss>/2022/03/30/viverra-ipsum-nunc-aliquet-bibendum-enim-facilisis/feed/</wfw:commentRss>
			<slash:comments>0</slash:comments>
		
		
			</item>
		<item>
		<title>Never Underestimate The Influence Of Wedding</title>
		<link>/2021/07/29/never-underestimate-the-influence-of-wedding/</link>
					<comments>/2021/07/29/never-underestimate-the-influence-of-wedding/#respond</comments>
		
		<dc:creator><![CDATA[Admin]]></dc:creator>
		<pubDate>Thu, 29 Jul 2021 11:58:00 +0000</pubDate>
				<category><![CDATA[Bridesmaid]]></category>
		<guid isPermaLink="false">/2021/07/29/never-underestimate-the-influence-of-wedding/</guid>

					<description><![CDATA[Surrounded by picturesque waterfalls, colorful florals, and their love for one another, Garry and Romeo’s [&#8230;]]]></description>
										<content:encoded><![CDATA[
<p class="has-drop-cap">Surrounded by picturesque waterfalls, colorful florals, and their love for one another, Garry and Romeo’s Moc Chau elopement was both stunning and magical.</p>



<p>So without wasting any more time, let’s get on to it. First up: Let’s look at some of the most crucial aspects or features that are required in every travel company website.</p>



<div class="wp-block-image"><figure class="alignleft size-full is-resized"><img fetchpriority="high" decoding="async" src="https://rishidemos.com/wedding/wp-content/uploads/sites/15/2021/08/gallery-four1.png" alt="" class="wp-image-177" width="417" height="402"/></figure></div>



<h4 class="wp-block-heading"><p>Enabling Online Travel Booking and Reservations</p></h4>



<p>Before you can win over any visitor or potential customer, you must make a great first impression as a company. Your story about WHY and HOW your company came into existence is one of the most important things you can communicate to your audience.</p>



<p>If your visitors like you as a company, they are more likely to purchase services from you. So, your company’s story is crucial to be communicated in the right way and in the most beautiful manner possible.</p>



<blockquote class="wp-block-quote is-style-default is-layout-flow wp-block-quote-is-layout-flow"><p><em>The needs of a small-time tour operator are a lot different from the needs of a large international travel agency itself.</em></p><cite><strong>Steve Doe &#8211; </strong>Partner</cite></blockquote>


<hr />
<p><img decoding="async" class=" wp-image-172 alignleft" src="https://rishidemos.com/wedding/wp-content/uploads/sites/15/unlimited_elements/wedding-image-300x289.png" alt="" width="265" height="255" />Eventually, you must also offer them attractive and competitive tour packages. You must be able to clearly communicate to your customers what your services are, how they are different from others compelling manner.</p>
<p>Of course, you would want your visitors to conveniently reach out to you and contact you. You would want to display all the crucial information about your company, including a map that would show your visitors where exactly they will find you.</p>


<h5 class="wp-block-heading">Displaying Company Information</h5>



<p>Here are the major fear of rejection symptoms identified by psychologists:</p>



<ul><li>It’s all the better if you can accept payments online so that you can close the sales then and there.</li><li>It is much easier and convenient for your customers as well, and you too increase your chance of generating leads.</li><li>To make sure that your travel company website is compatible with some kind of online payment mechanism.</li><li>These will be crucial and highly beneficial for you later in the process.</li></ul>



<h1 class="wp-block-heading">H1: Reject the Fulfilling Prophecy</h1>



<p>This is my average total monthly spending from one year living in Seattle’s Capitol Hill, one year living in San Francisco’s Upper Haight, one year traveling to 20 countries, and one month at a hotel in Bali. It is much cheaper for me to travel. Since the majority of my costs are from trains and flights, it’s significantly cheaper if I stay in one place.</p>



<h2 class="wp-block-heading">H2:Focus On How You Want to Be</h2>



<p>This is my average total monthly spending from one year living in Seattle’s Capitol Hill, one year living in San Francisco’s Upper Haight, one year traveling to 20 countries, and one month at a hotel in Bali. It is much cheaper for me to travel. Since the majority of my costs are from trains and flights.</p>



<h3 class="wp-block-heading">H3: Construct a Narrative</h3>



<p>Instead of working during the daylight hours and pushing all my free time to the worst part of the day, I prefer to enjoy the days and work at night. I get out of bed faster when I’m excited to go out, and when I don’t have to commute there’s just more time in the day. I like to work 7 days a week with flexible hours so I can take a day off when I please or enjoy an empty movie theater at 2pm.</p>



<h4 class="wp-block-heading">H4: Tap Into Your Imagination</h4>



<p>I now have friends all over the world whose life experiences are very different than mine and bring fresh perspectives to my ideas. I’m learning about the real problems that affect the world on a global scale, which will make me.</p>



<h5 class="wp-block-heading">H5: Embrace Not Knowing</h5>



<p>There’s a growing community of “digital nomads” who live a location independent lifestyle. We’re software developers, designers, writers, journalists, engineers, and all sorts of people who share a passion for the work we do.</p>



<h6 class="wp-block-heading">H6: Remember You Will Survive</h6>



<p>Three years ago I was preparing to leave my job at Microsoft to move to San Francisco to start a startup. My friend asked me “but why do you need to be in San Francisco when you can work on a computer from anywhere?” His question made a lot of sense. As I thought about it more, I began to question my assumptions about a “normal life” which don’t make sense in our modern world.</p>



<h1 class="wp-block-heading">H1: Heading 1</h1>



<h2 class="wp-block-heading">H2: Heading 2</h2>



<h3 class="wp-block-heading">H3: Heading 3</h3>



<h4 class="wp-block-heading">H4: Heading 4</h4>



<h5 class="wp-block-heading">H5: Heading 5</h5>



<h6 class="wp-block-heading">H6: Heading 6</h6>



<div style="height:22px" aria-hidden="true" class="wp-block-spacer"></div>



<p>Three years ago I was preparing to leave my job at Microsoft to move to San Francisco to start a startup. My friend asked me “but why do you need to be in San Francisco when you can work on a computer from anywhere?” His question made a lot of sense. As I thought about it more, I began to question my assumptions about a “normal life” which don’t make sense in our modern world.</p>



<h5 class="wp-block-heading">Displaying Company Information</h5>



<p>Here are the major fear of rejection symptoms identified by psychologists:</p>



<ul><li>It’s all the better if you can accept payments online so that you can close the sales then and there.</li><li>It is much easier and convenient for your customers as well, and you too increase your chance of generating leads.</li><li>To make sure that your travel company website is compatible with some kind of online payment mechanism.</li><li>These will be crucial and highly beneficial for you later in the process.</li></ul>



<p>Three years ago I was preparing to leave my job at Microsoft to move to San Francisco to start a startup. My friend asked me “but why do you need to be in San Francisco when you can work on a computer from anywhere?” His question made a lot of sense. As I thought about it more, I began to question my assumptions about a “normal life” which don’t make sense in our modern world.</p>



<figure class="wp-block-table is-style-stripes"><table><thead><tr><th><strong>Name</strong></th><th>Position</th><th>Office</th></tr></thead><tbody><tr><td>Erica Romaguera</td><td>Coach</td><td>Audi</td></tr><tr><td>Caleigh Jerde</td><td>Lawyer</td><td>Pizza Hut</td></tr><tr><td>Lucas Schultz</td><td>Librarian</td><td>Burberry</td></tr><tr><td>Carole Marvin</td><td>Educator</td><td>Starbucks</td></tr><tr><td>Woodrow Nikolaus</td><td>Massage Therapist</td><td>Jack Daniel’s</td></tr></tbody></table></figure>
]]></content:encoded>
					
					<wfw:commentRss>/2021/07/29/never-underestimate-the-influence-of-wedding/feed/</wfw:commentRss>
			<slash:comments>0</slash:comments>
		
		
			</item>
		<item>
		<title>Is Wedding Any Good? 15 Ways You Can Be Certain</title>
		<link>/2021/07/26/is-wedding-any-good-15-ways-you-can-be-certain/</link>
					<comments>/2021/07/26/is-wedding-any-good-15-ways-you-can-be-certain/#respond</comments>
		
		<dc:creator><![CDATA[Admin]]></dc:creator>
		<pubDate>Mon, 26 Jul 2021 22:45:35 +0000</pubDate>
				<category><![CDATA[wedding]]></category>
		<guid isPermaLink="false">/2021/07/26/is-wedding-any-good-15-ways-you-can-be-certain/</guid>

					<description><![CDATA[Elevated their elopement by dousing a sailboat and their table in colorful florals. Plus, they [&#8230;]]]></description>
										<content:encoded><![CDATA[<p>Elevated their elopement by dousing a sailboat and their table in colorful florals. Plus, they added a unique message to the sail that read, “souls tend to go back to who feels like home”—talk about butterflies in our stomachs.</p>
<p>So without wasting any more time, let’s get on to it. First up: Let’s look at some of the most crucial aspects or features that are required in every travel company website.</p>
<figure class="wp-block-image alignwide size-full"></figure>
<p>Enabling Online Travel Booking and Reservations</p>
<p>Before you can win over any visitor or potential customer, you must make a great first impression as a company. Your story about WHY and HOW your company came into existence is one of the most important things you can communicate to your audience.</p>
<p>If your visitors like you as a company, they are more likely to purchase services from you. So, your company’s story is crucial to be communicated in the right way and in the most beautiful manner possible.</p>
<blockquote class="wp-block-quote is-style-default"><p><em>The needs of a small-time tour operator are a lot different from the needs of a large international travel agency itself.</em></p>
<p><cite><strong>Steve Doe – </strong>Partner</cite></p></blockquote>
<hr />
<p><img decoding="async" class=" wp-image-180 alignleft" src="https://rishidemos.com/wedding/wp-content/uploads/sites/15/2021/08/gallery-five1-300x289.png" alt="" width="245" height="236" />Eventually, you must also offer them attractive and competitive tour packages. You must be able to clearly communicate to your customers what your services are, how they are different from others compelling manner.</p>
<p>Of course, you would want your visitors to conveniently reach out to you and contact you. You would want to display all the crucial information about your company, including a map that would show your visitors where exactly they will find you.</p>
<h5>Displaying Company Information</h5>
<p>Here are the major fear of rejection symptoms identified by psychologists:</p>
<ul>
<li>It’s all the better if you can accept payments online so that you can close the sales then and there.</li>
<li>It is much easier and convenient for your customers as well, and you too increase your chance of generating leads.</li>
<li>To make sure that your travel company website is compatible with some kind of online payment mechanism.</li>
<li>These will be crucial and highly beneficial for you later in the process.</li>
</ul>
<h1>H1: Reject the Fulfilling Prophecy</h1>
<p>This is my average total monthly spending from one year living in Seattle’s Capitol Hill, one year living in San Francisco’s Upper Haight, one year traveling to 20 countries, and one month at a hotel in Bali. It is much cheaper for me to travel. Since the majority of my costs are from trains and flights, it’s significantly cheaper if I stay in one place.</p>
<h2>H2:Focus On How You Want to Be</h2>
<p>This is my average total monthly spending from one year living in Seattle’s Capitol Hill, one year living in San Francisco’s Upper Haight, one year traveling to 20 countries, and one month at a hotel in Bali. It is much cheaper for me to travel. Since the majority of my costs are from trains and flights.</p>
<h3>H3: Construct a Narrative</h3>
<p>Instead of working during the daylight hours and pushing all my free time to the worst part of the day, I prefer to enjoy the days and work at night. I get out of bed faster when I’m excited to go out, and when I don’t have to commute there’s just more time in the day. I like to work 7 days a week with flexible hours so I can take a day off when I please or enjoy an empty movie theater at 2pm.</p>
<h4>H4: Tap Into Your Imagination</h4>
<p>I now have friends all over the world whose life experiences are very different than mine and bring fresh perspectives to my ideas. I’m learning about the real problems that affect the world on a global scale, which will make me.</p>
<h5>H5: Embrace Not Knowing</h5>
<p>There’s a growing community of “digital nomads” who live a location independent lifestyle. We’re software developers, designers, writers, journalists, engineers, and all sorts of people who share a passion for the work we do.</p>
<h6>H6: Remember You Will Survive</h6>
<p>Three years ago I was preparing to leave my job at Microsoft to move to San Francisco to start a startup. My friend asked me “but why do you need to be in San Francisco when you can work on a computer from anywhere?” His question made a lot of sense. As I thought about it more, I began to question my assumptions about a “normal life” which don’t make sense in our modern world.</p>
<h1>H1: Heading 1</h1>
<h2>H2: Heading 2</h2>
<h3>H3: Heading 3</h3>
<h4>H4: Heading 4</h4>
<h5>H5: Heading 5</h5>
<h6>H6: Heading 6</h6>
<div class="wp-block-spacer" aria-hidden="true"></div>
<p>Three years ago I was preparing to leave my job at Microsoft to move to San Francisco to start a startup. My friend asked me “but why do you need to be in San Francisco when you can work on a computer from anywhere?” His question made a lot of sense. As I thought about it more, I began to question my assumptions about a “normal life” which don’t make sense in our modern world.</p>
<h5>Displaying Company Information</h5>
<p>Here are the major fear of rejection symptoms identified by psychologists:</p>
<ul>
<li>It’s all the better if you can accept payments online so that you can close the sales then and there.</li>
<li>It is much easier and convenient for your customers as well, and you too increase your chance of generating leads.</li>
<li>To make sure that your travel company website is compatible with some kind of online payment mechanism.</li>
<li>These will be crucial and highly beneficial for you later in the process.</li>
</ul>
<p>Three years ago I was preparing to leave my job at Microsoft to move to San Francisco to start a startup. My friend asked me “but why do you need to be in San Francisco when you can work on a computer from anywhere?” His question made a lot of sense. As I thought about it more, I began to question my assumptions about a “normal life” which don’t make sense in our modern world.</p>
]]></content:encoded>
					
					<wfw:commentRss>/2021/07/26/is-wedding-any-good-15-ways-you-can-be-certain/feed/</wfw:commentRss>
			<slash:comments>0</slash:comments>
		
		
			</item>
		<item>
		<title>Now Is The Time For You To Know The Truth About Wedding</title>
		<link>/2021/07/26/now-is-the-time-for-you-to-know-the-truth-about-wedding/</link>
					<comments>/2021/07/26/now-is-the-time-for-you-to-know-the-truth-about-wedding/#respond</comments>
		
		<dc:creator><![CDATA[Admin]]></dc:creator>
		<pubDate>Mon, 26 Jul 2021 21:35:08 +0000</pubDate>
				<category><![CDATA[wedding]]></category>
		<guid isPermaLink="false">/2021/07/26/now-is-the-time-for-you-to-know-the-truth-about-wedding/</guid>

					<description><![CDATA[This romantic location was the perfect spot to celebrate their love and exchange their vows. [&#8230;]]]></description>
										<content:encoded><![CDATA[<p>This romantic location was the perfect spot to celebrate their love and exchange their vows.</p>
<p>So without wasting any more time, let’s get on to it. First up: Let’s look at some of the most crucial aspects or features that are required in every travel company website.</p>
<figure class="wp-block-image alignwide size-full"></figure>
<p>Enabling Online Travel Booking and Reservations</p>
<p>Before you can win over any visitor or potential customer, you must make a great first impression as a company. Your story about WHY and HOW your company came into existence is one of the most important things you can communicate to your audience.</p>
<p>If your visitors like you as a company, they are more likely to purchase services from you. So, your company’s story is crucial to be communicated in the right way and in the most beautiful manner possible.</p>
<blockquote class="wp-block-quote is-style-default"><p><em>The needs of a small-time tour operator are a lot different from the needs of a large international travel agency itself.</em></p>
<p><cite><strong>Steve Doe – </strong>Partner</cite></p></blockquote>
<hr />
<p><img loading="lazy" decoding="async" class="wp-image-179 alignright" src="https://rishidemos.com/wedding/wp-content/uploads/sites/15/2021/08/gallery-three1-300x289.png" alt="" width="210" height="202" />Eventually, you must also offer them attractive and competitive tour packages. You must be able to clearly communicate to your customers what your services are, how they are different from others compelling manner.</p>
<p>Of course, you would want your visitors to conveniently reach out to you and contact you. You would want to display all the crucial information about your company, including a map that would show your visitors where exactly they will find you.</p>
<h5>Displaying Company Information</h5>
<p>Here are the major fear of rejection symptoms identified by psychologists:</p>
<ul>
<li>It’s all the better if you can accept payments online so that you can close the sales then and there.</li>
<li>It is much easier and convenient for your customers as well, and you too increase your chance of generating leads.</li>
<li>To make sure that your travel company website is compatible with some kind of online payment mechanism.</li>
<li>These will be crucial and highly beneficial for you later in the process.</li>
</ul>
<h1>H1: Reject the Fulfilling Prophecy</h1>
<p>This is my average total monthly spending from one year living in Seattle’s Capitol Hill, one year living in San Francisco’s Upper Haight, one year traveling to 20 countries, and one month at a hotel in Bali. It is much cheaper for me to travel. Since the majority of my costs are from trains and flights, it’s significantly cheaper if I stay in one place.</p>
<h2>H2:Focus On How You Want to Be</h2>
<p>This is my average total monthly spending from one year living in Seattle’s Capitol Hill, one year living in San Francisco’s Upper Haight, one year traveling to 20 countries, and one month at a hotel in Bali. It is much cheaper for me to travel. Since the majority of my costs are from trains and flights.</p>
<h3>H3: Construct a Narrative</h3>
<p>Instead of working during the daylight hours and pushing all my free time to the worst part of the day, I prefer to enjoy the days and work at night. I get out of bed faster when I’m excited to go out, and when I don’t have to commute there’s just more time in the day. I like to work 7 days a week with flexible hours so I can take a day off when I please or enjoy an empty movie theater at 2pm.</p>
<h4>H4: Tap Into Your Imagination</h4>
<p>I now have friends all over the world whose life experiences are very different than mine and bring fresh perspectives to my ideas. I’m learning about the real problems that affect the world on a global scale, which will make me.</p>
<h5>H5: Embrace Not Knowing</h5>
<p>There’s a growing community of “digital nomads” who live a location independent lifestyle. We’re software developers, designers, writers, journalists, engineers, and all sorts of people who share a passion for the work we do.</p>
<h6>H6: Remember You Will Survive</h6>
<p>Three years ago I was preparing to leave my job at Microsoft to move to San Francisco to start a startup. My friend asked me “but why do you need to be in San Francisco when you can work on a computer from anywhere?” His question made a lot of sense. As I thought about it more, I began to question my assumptions about a “normal life” which don’t make sense in our modern world.</p>
<h1>H1: Heading 1</h1>
<h2>H2: Heading 2</h2>
<h3>H3: Heading 3</h3>
<h4>H4: Heading 4</h4>
<h5>H5: Heading 5</h5>
<h6>H6: Heading 6</h6>
<div class="wp-block-spacer" aria-hidden="true"></div>
<p>Three years ago I was preparing to leave my job at Microsoft to move to San Francisco to start a startup. My friend asked me “but why do you need to be in San Francisco when you can work on a computer from anywhere?” His question made a lot of sense. As I thought about it more, I began to question my assumptions about a “normal life” which don’t make sense in our modern world.</p>
<h5>Displaying Company Information</h5>
<p>Here are the major fear of rejection symptoms identified by psychologists:</p>
<ul>
<li>It’s all the better if you can accept payments online so that you can close the sales then and there.</li>
<li>It is much easier and convenient for your customers as well, and you too increase your chance of generating leads.</li>
<li>To make sure that your travel company website is compatible with some kind of online payment mechanism.</li>
<li>These will be crucial and highly beneficial for you later in the process.</li>
</ul>
<p>Three years ago I was preparing to leave my job at Microsoft to move to San Francisco to start a startup. My friend asked me “but why do you need to be in San Francisco when you can work on a computer from anywhere?” His question made a lot of sense. As I thought about it more, I began to question my assumptions about a “normal life” which don’t make sense in our modern world.</p>
]]></content:encoded>
					
					<wfw:commentRss>/2021/07/26/now-is-the-time-for-you-to-know-the-truth-about-wedding/feed/</wfw:commentRss>
			<slash:comments>0</slash:comments>
		
		
			</item>
		<item>
		<title>7 Explanation On Why Wedding Is Important</title>
		<link>/2021/07/26/7-explanation-on-why-wedding-is-important/</link>
					<comments>/2021/07/26/7-explanation-on-why-wedding-is-important/#respond</comments>
		
		<dc:creator><![CDATA[Admin]]></dc:creator>
		<pubDate>Mon, 26 Jul 2021 14:51:39 +0000</pubDate>
				<category><![CDATA[Bridesmaid]]></category>
		<guid isPermaLink="false">/2021/07/26/7-explanation-on-why-wedding-is-important/</guid>

					<description><![CDATA[Unique message to the sail that read, “souls tend to go back to who feels [&#8230;]]]></description>
										<content:encoded><![CDATA[<h5>Unique message to the sail that read, “souls tend to go back to who feels like home”—talk about butterflies in our stomachs.</h5>
<p>So without wasting any more time, let’s get on to it. First up: Let’s look at some of the most crucial aspects or features that are required in every travel company website.</p>
<p>Enabling Online Travel Booking and Reservations</p>
<p>Before you can win over any visitor or potential customer, you must make a great first impression as a company. Your story about WHY and HOW your company came into existence is one of the most important things you can communicate to your audience.</p>
<p>If your visitors like you as a company, they are more likely to purchase services from you. So, your company’s story is crucial to be communicated in the right way and in the most beautiful manner possible.</p>
<blockquote class="wp-block-quote is-style-default"><p><em>The needs of a small-time tour operator are a lot different from the needs of a large international travel agency itself.</em></p>
<p><cite><strong>Steve Doe – </strong>Partner</cite></p></blockquote>
<hr />
<p>Eventually, you must also offer them attractive and competitive tour packages. You must be able to clearly communicate to your customers what your services are, how they are different from others compelling manner.</p>
<p>Of course, you would want your visitors to conveniently reach out to you and contact you. You would want to display all the crucial information about your company, including a map that would show your visitors where exactly they will find you.</p>
<h5>Displaying Company Information</h5>
<p>Here are the major fear of rejection symptoms identified by psychologists:</p>
<ul>
<li>It’s all the better if you can accept payments online so that you can close the sales then and there.</li>
<li>It is much easier and convenient for your customers as well, and you too increase your chance of generating leads.</li>
<li>To make sure that your travel company website is compatible with some kind of online payment mechanism.</li>
<li>These will be crucial and highly beneficial for you later in the process.</li>
</ul>
<h1>H1: Reject the Fulfilling Prophecy</h1>
<p>This is my average total monthly spending from one year living in Seattle’s Capitol Hill, one year living in San Francisco’s Upper Haight, one year traveling to 20 countries, and one month at a hotel in Bali. It is much cheaper for me to travel. Since the majority of my costs are from trains and flights, it’s significantly cheaper if I stay in one place.</p>
<h2>H2:Focus On How You Want to Be</h2>
<p>This is my average total monthly spending from one year living in Seattle’s Capitol Hill, one year living in San Francisco’s Upper Haight, one year traveling to 20 countries, and one month at a hotel in Bali. It is much cheaper for me to travel. Since the majority of my costs are from trains and flights.</p>
<h3>H3: Construct a Narrative</h3>
<p>Instead of working during the daylight hours and pushing all my free time to the worst part of the day, I prefer to enjoy the days and work at night. I get out of bed faster when I’m excited to go out, and when I don’t have to commute there’s just more time in the day. I like to work 7 days a week with flexible hours so I can take a day off when I please or enjoy an empty movie theater at 2pm.</p>
<h4>H4: Tap Into Your Imagination</h4>
<p>I now have friends all over the world whose life experiences are very different than mine and bring fresh perspectives to my ideas. I’m learning about the real problems that affect the world on a global scale, which will make me.</p>
<h5>H5: Embrace Not Knowing</h5>
<p>There’s a growing community of “digital nomads” who live a location independent lifestyle. We’re software developers, designers, writers, journalists, engineers, and all sorts of people who share a passion for the work we do.</p>
<h6>H6: Remember You Will Survive</h6>
<p>Three years ago I was preparing to leave my job at Microsoft to move to San Francisco to start a startup. My friend asked me “but why do you need to be in San Francisco when you can work on a computer from anywhere?” His question made a lot of sense. As I thought about it more, I began to question my assumptions about a “normal life” which don’t make sense in our modern world.</p>
<h1>H1: Heading 1</h1>
<h2>H2: Heading 2</h2>
<h3>H3: Heading 3</h3>
<h4>H4: Heading 4</h4>
<h5>H5: Heading 5</h5>
<h6>H6: Heading 6</h6>
<div class="wp-block-spacer" aria-hidden="true"></div>
<p>Three years ago I was preparing to leave my job at Microsoft to move to San Francisco to start a startup. My friend asked me “but why do you need to be in San Francisco when you can work on a computer from anywhere?” His question made a lot of sense. As I thought about it more, I began to question my assumptions about a “normal life” which don’t make sense in our modern world.</p>
<h5>Displaying Company Information</h5>
<p>Here are the major fear of rejection symptoms identified by psychologists:</p>
<ul>
<li>It’s all the better if you can accept payments online so that you can close the sales then and there.</li>
<li>It is much easier and convenient for your customers as well, and you too increase your chance of generating leads.</li>
<li>To make sure that your travel company website is compatible with some kind of online payment mechanism.</li>
<li>These will be crucial and highly beneficial for you later in the process.</li>
</ul>
<p>Three years ago I was preparing to leave my job at Microsoft to move to San Francisco to start a startup. My friend asked me “but why do you need to be in San Francisco when you can work on a computer from anywhere?” His question made a lot of sense. As I thought about it more, I began to question my assumptions about a “normal life” which don’t make sense in our modern world.</p>
]]></content:encoded>
					
					<wfw:commentRss>/2021/07/26/7-explanation-on-why-wedding-is-important/feed/</wfw:commentRss>
			<slash:comments>0</slash:comments>
		
		
			</item>
		<item>
		<title>15 Ways To Introduce Wedding</title>
		<link>/2021/07/22/15-ways-to-introduce-wedding/</link>
					<comments>/2021/07/22/15-ways-to-introduce-wedding/#respond</comments>
		
		<dc:creator><![CDATA[Admin]]></dc:creator>
		<pubDate>Thu, 22 Jul 2021 06:34:43 +0000</pubDate>
				<category><![CDATA[wedding]]></category>
		<guid isPermaLink="false">/2021/07/22/15-ways-to-introduce-wedding/</guid>

					<description><![CDATA[Emotional ceremony, and some delicious dessert options–we’re talking pie&#160;and&#160;cake. So keep scrolling to see how [&#8230;]]]></description>
										<content:encoded><![CDATA[
<p>Emotional ceremony, and some delicious dessert options–we’re talking pie&nbsp;<em>and&nbsp;</em>cake. So keep scrolling to see how these two lovebirds let the good times roll.</p>


<p>Eventually, you must also offer them attractive and competitive tourpackages. You must be able to clearly communicate to your customers what your services are, how they are different from others compelling manner.</p>
<p>So without wasting any more time, let’s get on to it. First up: Let’s look at some of the most crucial aspects or features that are required in every travel company website.</p>
<figure class="wp-block-image size-full is-resized"></figure>
<p>Enabling Online Travel Booking and Reservations</p>
<p>Before you can win over any visitor or potential customer, you must make a great first impression as a company. Your story about WHY and HOW your company came into existence is one of the most important things you can communicate to your audience.</p>
<p>If your visitors like you as a company, they are more likely to purchase services from you. So, your company’s story is crucial to be communicated in the right way and in the most beautiful manner possible.</p>
<blockquote class="wp-block-quote is-style-default">
<p><em>The needs of a small-time tour operator are a lot different from the needs of a large international travel agency itself.</em></p>
<p><cite><strong>Steve Doe – </strong>Partner</cite></p>
</blockquote>
<hr />
<p>Eventually, you must also offer them attractive and competitive tour packages. You must be able to clearly communicate to your customers what your services are, how they are different from others compelling manner.</p>
<p>Of course, you would want your visitors to conveniently reach out to you and contact you. You would want to display all the crucial information about your company, including a map that would show your visitors where exactly they will find you.</p>
<h5>Displaying Company Information</h5>
<p>Here are the major fear of rejection symptoms identified by psychologists:</p>
<ul>
<li>It’s all the better if you can accept payments online so that you can close the sales then and there.</li>
<li>It is much easier and convenient for your customers as well, and you too increase your chance of generating leads.</li>
<li>To make sure that your travel company website is compatible with some kind of online payment mechanism.</li>
<li>These will be crucial and highly beneficial for you later in the process.</li>
</ul>
<h1>H1: Reject the Fulfilling Prophecy</h1>
<p>This is my average total monthly spending from one year living in Seattle’s Capitol Hill, one year living in San Francisco’s Upper Haight, one year traveling to 20 countries, and one month at a hotel in Bali. It is much cheaper for me to travel. Since the majority of my costs are from trains and flights, it’s significantly cheaper if I stay in one place.</p>
<h2>H2:Focus On How You Want to Be</h2>
<p>This is my average total monthly spending from one year living in Seattle’s Capitol Hill, one year living in San Francisco’s Upper Haight, one year traveling to 20 countries, and one month at a hotel in Bali. It is much cheaper for me to travel. Since the majority of my costs are from trains and flights.</p>
<h3>H3: Construct a Narrative</h3>
<p>Instead of working during the daylight hours and pushing all my free time to the worst part of the day, I prefer to enjoy the days and work at night. I get out of bed faster when I’m excited to go out, and when I don’t have to commute there’s just more time in the day. I like to work 7 days a week with flexible hours so I can take a day off when I please or enjoy an empty movie theater at 2pm.</p>
<h4>H4: Tap Into Your Imagination</h4>
<p>I now have friends all over the world whose life experiences are very different than mine and bring fresh perspectives to my ideas. I’m learning about the real problems that affect the world on a global scale, which will make me.</p>
<h5>H5: Embrace Not Knowing</h5>
<p>There’s a growing community of “digital nomads” who live a location independent lifestyle. We’re software developers, designers, writers, journalists, engineers, and all sorts of people who share a passion for the work we do.</p>
<h6>H6: Remember You Will Survive</h6>
<p>Three years ago I was preparing to leave my job at Microsoft to move to San Francisco to start a startup. My friend asked me “but why do you need to be in San Francisco when you can work on a computer from anywhere?” His question made a lot of sense. As I thought about it more, I began to question my assumptions about a “normal life” which don’t make sense in our modern world.</p>
<h1>H1: Heading 1</h1>
<h2>H2: Heading 2</h2>
<h3>H3: Heading 3</h3>
<h4>H4: Heading 4</h4>
<h5>H5: Heading 5</h5>
<h6>H6: Heading 6</h6>
<div class="wp-block-spacer" aria-hidden="true"> </div>
<p>Three years ago I was preparing to leave my job at Microsoft to move to San Francisco to start a startup. My friend asked me “but why do you need to be in San Francisco when you can work on a computer from anywhere?” His question made a lot of sense. As I thought about it more, I began to question my assumptions about a “normal life” which don’t make sense in our modern world.</p>
<h5>Displaying Company Information</h5>
<p>Here are the major fear of rejection symptoms identified by psychologists:</p>
<ul>
<li>It’s all the better if you can accept payments online so that you can close the sales then and there.</li>
<li>It is much easier and convenient for your customers as well, and you too increase your chance of generating leads.</li>
<li>To make sure that your travel company website is compatible with some kind of online payment mechanism.</li>
<li>These will be crucial and highly beneficial for you later in the process.</li>
</ul>
<p>Three years ago I was preparing to leave my job at Microsoft to move to San Francisco to start a startup. My friend asked me “but why do you need to be in San Francisco when you can work on a computer from anywhere?” His question made a lot of sense. As I thought about it more, I began to question my assumptions about a “normal life” which don’t make sense in our modern world.</p>
<figure class="wp-block-table is-style-stripes">
<table>
<thead>
<tr>
<th><strong>Name</strong></th>
<th>Position</th>
<th>Office</th>
</tr>
</thead>
<tbody>
<tr>
<td>Erica Romaguera</td>
<td>Coach</td>
<td>Audi</td>
</tr>
<tr>
<td>Caleigh Jerde</td>
<td>Lawyer</td>
<td>Pizza Hut</td>
</tr>
<tr>
<td>Lucas Schultz</td>
<td>Librarian</td>
<td>Burberry</td>
</tr>
<tr>
<td>Carole Marvin</td>
<td>Educator</td>
<td>Starbucks</td>
</tr>
<tr>
<td>Woodrow Nikolaus</td>
<td>Massage Therapist</td>
<td>Jack Daniel’s</td>
</tr>
</tbody>
</table>
</figure>]]></content:encoded>
					
					<wfw:commentRss>/2021/07/22/15-ways-to-introduce-wedding/feed/</wfw:commentRss>
			<slash:comments>0</slash:comments>
		
		
			</item>
	</channel>
</rss>
