<?xml version="1.0" encoding="UTF-8"?><rss version="2.0"
	xmlns:content="http://purl.org/rss/1.0/modules/content/"
	xmlns:wfw="http://wellformedweb.org/CommentAPI/"
	xmlns:dc="http://purl.org/dc/elements/1.1/"
	xmlns:atom="http://www.w3.org/2005/Atom"
	xmlns:sy="http://purl.org/rss/1.0/modules/syndication/"
	xmlns:slash="http://purl.org/rss/1.0/modules/slash/"
	>

<channel>
	<title>Home Cleaning &#8211; Website Hizmet | Hazır Site | Kurulum</title>
	<atom:link href="/category/home-cleaning/feed/" rel="self" type="application/rss+xml" />
	<link></link>
	<description></description>
	<lastBuildDate>Thu, 31 Mar 2022 13:03:09 +0000</lastBuildDate>
	<language>en-US</language>
	<sy:updatePeriod>
	hourly	</sy:updatePeriod>
	<sy:updateFrequency>
	1	</sy:updateFrequency>
	<generator>https://wordpress.org/?v=6.5</generator>
	<item>
		<title>Condimentum mattis pellentesque id nibh tortor</title>
		<link>/2022/03/31/condimentum-mattis-pellentesque-id-nibh-tortor/</link>
					<comments>/2022/03/31/condimentum-mattis-pellentesque-id-nibh-tortor/#respond</comments>
		
		<dc:creator><![CDATA[Admin]]></dc:creator>
		<pubDate>Thu, 31 Mar 2022 13:03:09 +0000</pubDate>
				<category><![CDATA[Home Cleaning]]></category>
		<guid isPermaLink="false">https://demo.creativethemes.com/blocksy/cleaning-service/?p=348</guid>

					<description><![CDATA[Lorem ipsum dolor sit amet, consectetur adipiscing elit, sed do eiusmod tempor incididunt ut labore et dolore magna aliqua. Bibendum enim facilisis gravida neque. Tincidunt eget nullam non nisi est [&#8230;]]]></description>
										<content:encoded><![CDATA[
<p>Lorem ipsum dolor sit amet, consectetur adipiscing elit, sed do eiusmod tempor incididunt ut labore et dolore magna aliqua. Bibendum enim facilisis gravida neque. Tincidunt eget nullam non nisi est sit. Enim ut tellus elementum sagittis vitae et leo duis. Aenean et tortor at risus viverra. Gravida quis blandit turpis cursus in. Nisi porta lorem mollis aliquam ut porttitor leo. Sit amet nisl suscipit adipiscing bibendum est ultricies integer quis. Condimentum mattis pellentesque id nibh tortor id aliquet lectus. Mi tempus imperdiet nulla malesuada pellentesque elit eget gravida cum. Diam volutpat commodo sed egestas egestas fringilla phasellus. Non nisi est sit amet facilisis. Hendrerit dolor magna eget est lorem. Mauris pellentesque pulvinar pellentesque habitant morbi. Platea dictumst vestibulum rhoncus est pellentesque. Aliquet porttitor lacus luctus accumsan tortor posuere ac ut.</p>



<p>Nisi lacus sed viverra tellus in hac habitasse. Facilisis leo vel fringilla est ullamcorper eget. Faucibus ornare suspendisse sed nisi lacus sed viverra tellus in. Enim eu turpis egestas pretium aenean pharetra. Gravida neque convallis a cras semper auctor. Et egestas quis ipsum suspendisse. Risus ultricies tristique nulla aliquet enim tortor. Enim nec dui nunc mattis. Adipiscing tristique risus nec feugiat in fermentum posuere urna nec. Consectetur a erat nam at. Purus sit amet volutpat consequat. Mi eget mauris pharetra et. Nibh praesent tristique magna sit amet purus gravida.</p>



<p>Interdum consectetur libero id faucibus nisl tincidunt eget. Enim sed faucibus turpis in eu mi bibendum neque egestas. Dictum fusce ut placerat orci nulla pellentesque. Nibh cras pulvinar mattis nunc sed blandit. Amet mauris commodo quis imperdiet massa tincidunt nunc. Felis eget velit aliquet sagittis id. Sed odio morbi quis commodo odio aenean sed adipiscing diam. Sodales ut eu sem integer vitae justo eget. Tellus rutrum tellus pellentesque eu tincidunt. Amet volutpat consequat mauris nunc congue nisi. Urna nec tincidunt praesent semper feugiat nibh sed pulvinar proin. Curabitur gravida arcu ac tortor dignissim. Blandit massa enim nec dui nunc mattis enim. Consectetur adipiscing elit duis tristique.</p>



<p>Suspendisse interdum consectetur libero id faucibus nisl tincidunt. Tortor posuere ac ut consequat semper viverra. Nunc sed blandit libero volutpat sed cras ornare. Odio eu feugiat pretium nibh ipsum consequat nisl. Ut consequat semper viverra nam libero justo laoreet sit amet. Ultrices in iaculis nunc sed augue lacus viverra. Eu mi bibendum neque egestas congue quisque egestas diam. Pulvinar pellentesque habitant morbi tristique. Facilisi etiam dignissim diam quis enim lobortis scelerisque fermentum. Mattis vulputate enim nulla aliquet porttitor. Ipsum dolor sit amet consectetur. Dictum at tempor commodo ullamcorper a. Quisque egestas diam in arcu cursus euismod quis. Tristique senectus et netus et malesuada. Elementum eu facilisis sed odio. Quis auctor elit sed vulputate mi sit amet mauris commodo.</p>



<p>Est velit egestas dui id ornare arcu. Arcu felis bibendum ut tristique. Cras sed felis eget velit aliquet sagittis id consectetur purus. In cursus turpis massa tincidunt. Lectus quam id leo in vitae turpis massa sed elementum. Urna nunc id cursus metus aliquam eleifend. Pulvinar sapien et ligula ullamcorper malesuada. Adipiscing bibendum est ultricies integer quis auctor. Urna duis convallis convallis tellus id interdum velit laoreet. Sem nulla pharetra diam sit amet nisl. Viverra tellus in hac habitasse platea dictumst vestibulum. Commodo quis imperdiet massa tincidunt. Erat nam at lectus urna duis convallis convallis. Placerat in egestas erat imperdiet. Vel orci porta non pulvinar neque laoreet suspendisse interdum. Consectetur purus ut faucibus pulvinar elementum integer enim neque. Amet est placerat in egestas erat. Pellentesque sit amet porttitor eget. Enim neque volutpat ac tincidunt vitae semper quis.</p>
]]></content:encoded>
					
					<wfw:commentRss>/2022/03/31/condimentum-mattis-pellentesque-id-nibh-tortor/feed/</wfw:commentRss>
			<slash:comments>0</slash:comments>
		
		
			</item>
		<item>
		<title>Diam volutpat commodo sed egestas egestas fringilla</title>
		<link>/2022/03/31/diam-volutpat-commodo-sed-egestas-egestas-fringilla/</link>
					<comments>/2022/03/31/diam-volutpat-commodo-sed-egestas-egestas-fringilla/#respond</comments>
		
		<dc:creator><![CDATA[Admin]]></dc:creator>
		<pubDate>Thu, 31 Mar 2022 12:31:00 +0000</pubDate>
				<category><![CDATA[Home Cleaning]]></category>
		<guid isPermaLink="false">https://demo.creativethemes.com/blocksy/cleaning-service/?p=327</guid>

					<description><![CDATA[Lorem ipsum dolor sit amet, consectetur adipiscing elit, sed do eiusmod tempor incididunt ut labore et dolore magna aliqua. Bibendum enim facilisis gravida neque. Tincidunt eget nullam non nisi est [&#8230;]]]></description>
										<content:encoded><![CDATA[
<p>Lorem ipsum dolor sit amet, consectetur adipiscing elit, sed do eiusmod tempor incididunt ut labore et dolore magna aliqua. Bibendum enim facilisis gravida neque. Tincidunt eget nullam non nisi est sit. Enim ut tellus elementum sagittis vitae et leo duis. Aenean et tortor at risus viverra. Gravida quis blandit turpis cursus in. Nisi porta lorem mollis aliquam ut porttitor leo. Sit amet nisl suscipit adipiscing bibendum est ultricies integer quis. Condimentum mattis pellentesque id nibh tortor id aliquet lectus. Mi tempus imperdiet nulla malesuada pellentesque elit eget gravida cum. Diam volutpat commodo sed egestas egestas fringilla phasellus. Non nisi est sit amet facilisis. Hendrerit dolor magna eget est lorem. Mauris pellentesque pulvinar pellentesque habitant morbi. Platea dictumst vestibulum rhoncus est pellentesque. Aliquet porttitor lacus luctus accumsan tortor posuere ac ut.</p>



<p>Nisi lacus sed viverra tellus in hac habitasse. Facilisis leo vel fringilla est ullamcorper eget. Faucibus ornare suspendisse sed nisi lacus sed viverra tellus in. Enim eu turpis egestas pretium aenean pharetra. Gravida neque convallis a cras semper auctor. Et egestas quis ipsum suspendisse. Risus ultricies tristique nulla aliquet enim tortor. Enim nec dui nunc mattis. Adipiscing tristique risus nec feugiat in fermentum posuere urna nec. Consectetur a erat nam at. Purus sit amet volutpat consequat. Mi eget mauris pharetra et. Nibh praesent tristique magna sit amet purus gravida.</p>



<p>Interdum consectetur libero id faucibus nisl tincidunt eget. Enim sed faucibus turpis in eu mi bibendum neque egestas. Dictum fusce ut placerat orci nulla pellentesque. Nibh cras pulvinar mattis nunc sed blandit. Amet mauris commodo quis imperdiet massa tincidunt nunc. Felis eget velit aliquet sagittis id. Sed odio morbi quis commodo odio aenean sed adipiscing diam. Sodales ut eu sem integer vitae justo eget. Tellus rutrum tellus pellentesque eu tincidunt. Amet volutpat consequat mauris nunc congue nisi. Urna nec tincidunt praesent semper feugiat nibh sed pulvinar proin. Curabitur gravida arcu ac tortor dignissim. Blandit massa enim nec dui nunc mattis enim. Consectetur adipiscing elit duis tristique.</p>



<p>Suspendisse interdum consectetur libero id faucibus nisl tincidunt. Tortor posuere ac ut consequat semper viverra. Nunc sed blandit libero volutpat sed cras ornare. Odio eu feugiat pretium nibh ipsum consequat nisl. Ut consequat semper viverra nam libero justo laoreet sit amet. Ultrices in iaculis nunc sed augue lacus viverra. Eu mi bibendum neque egestas congue quisque egestas diam. Pulvinar pellentesque habitant morbi tristique. Facilisi etiam dignissim diam quis enim lobortis scelerisque fermentum. Mattis vulputate enim nulla aliquet porttitor. Ipsum dolor sit amet consectetur. Dictum at tempor commodo ullamcorper a. Quisque egestas diam in arcu cursus euismod quis. Tristique senectus et netus et malesuada. Elementum eu facilisis sed odio. Quis auctor elit sed vulputate mi sit amet mauris commodo.</p>



<p>Est velit egestas dui id ornare arcu. Arcu felis bibendum ut tristique. Cras sed felis eget velit aliquet sagittis id consectetur purus. In cursus turpis massa tincidunt. Lectus quam id leo in vitae turpis massa sed elementum. Urna nunc id cursus metus aliquam eleifend. Pulvinar sapien et ligula ullamcorper malesuada. Adipiscing bibendum est ultricies integer quis auctor. Urna duis convallis convallis tellus id interdum velit laoreet. Sem nulla pharetra diam sit amet nisl. Viverra tellus in hac habitasse platea dictumst vestibulum. Commodo quis imperdiet massa tincidunt. Erat nam at lectus urna duis convallis convallis. Placerat in egestas erat imperdiet. Vel orci porta non pulvinar neque laoreet suspendisse interdum. Consectetur purus ut faucibus pulvinar elementum integer enim neque. Amet est placerat in egestas erat. Pellentesque sit amet porttitor eget. Enim neque volutpat ac tincidunt vitae semper quis.</p>
]]></content:encoded>
					
					<wfw:commentRss>/2022/03/31/diam-volutpat-commodo-sed-egestas-egestas-fringilla/feed/</wfw:commentRss>
			<slash:comments>0</slash:comments>
		
		
			</item>
		<item>
		<title>Bibendum arcu vitae elementum curabitur vitae nunc</title>
		<link>/2022/03/30/bibendum-arcu-vitae-elementum-curabitur-vitae-nunc/</link>
					<comments>/2022/03/30/bibendum-arcu-vitae-elementum-curabitur-vitae-nunc/#respond</comments>
		
		<dc:creator><![CDATA[Admin]]></dc:creator>
		<pubDate>Wed, 30 Mar 2022 14:26:35 +0000</pubDate>
				<category><![CDATA[Home Cleaning]]></category>
		<guid isPermaLink="false">https://demo.creativethemes.com/blocksy/cleaning-service/?p=601</guid>

					<description><![CDATA[Lorem ipsum dolor sit amet, consectetur adipiscing elit, sed do eiusmod tempor incididunt ut labore et dolore magna aliqua. Justo laoreet sit amet cursus sit amet dictum sit. Viverra vitae [&#8230;]]]></description>
										<content:encoded><![CDATA[
<p>Lorem ipsum dolor sit amet, consectetur adipiscing elit, sed do eiusmod tempor incididunt ut labore et dolore magna aliqua. Justo laoreet sit amet cursus sit amet dictum sit. Viverra vitae congue eu consequat ac felis donec et. Pellentesque habitant morbi tristique senectus et netus et malesuada. Gravida quis blandit turpis cursus in hac. Sed risus ultricies tristique nulla aliquet enim tortor at auctor. Eget magna fermentum iaculis eu non diam phasellus vestibulum lorem. Sem nulla pharetra diam sit amet nisl suscipit adipiscing. Tristique senectus et netus et malesuada. Viverra ipsum nunc aliquet bibendum enim facilisis gravida. Eros in cursus turpis massa tincidunt dui ut ornare lectus. Ut morbi tincidunt augue interdum velit. Nunc vel risus commodo viverra maecenas accumsan lacus. Facilisis gravida neque convallis a.</p>



<p>Quam quisque id diam vel quam elementum pulvinar etiam non. Justo nec ultrices dui sapien eget mi. Erat nam at lectus urna. Viverra ipsum nunc aliquet bibendum enim facilisis gravida neque convallis. Urna duis convallis convallis tellus id. Sit amet commodo nulla facilisi nullam vehicula ipsum a. Faucibus vitae aliquet nec ullamcorper sit amet. Eget velit aliquet sagittis id consectetur purus ut faucibus pulvinar. Volutpat maecenas volutpat blandit aliquam. Ac tortor vitae purus faucibus. Risus quis varius quam quisque id diam vel.</p>



<p>Augue interdum velit euismod in pellentesque massa. Morbi blandit cursus risus at ultrices mi tempus imperdiet nulla. Aliquam vestibulum morbi blandit cursus risus at. Adipiscing bibendum est ultricies integer quis auctor. Et leo duis ut diam quam nulla. Sed velit dignissim sodales ut eu. Magna etiam tempor orci eu lobortis elementum nibh tellus molestie. Ornare massa eget egestas purus. Tempus egestas sed sed risus pretium quam vulputate. Commodo sed egestas egestas fringilla. Quis ipsum suspendisse ultrices gravida dictum fusce.</p>



<p>Vitae et leo duis ut diam quam nulla porttitor. Etiam sit amet nisl purus in. Ut tortor pretium viverra suspendisse. Bibendum arcu vitae elementum curabitur vitae nunc sed velit. Cras tincidunt lobortis feugiat vivamus. Lacus sed viverra tellus in. Egestas diam in arcu cursus. Venenatis cras sed felis eget velit aliquet sagittis id consectetur. Suspendisse interdum consectetur libero id faucibus. Non tellus orci ac auctor augue mauris. Nibh praesent tristique magna sit amet purus gravida. A erat nam at lectus urna duis. Morbi quis commodo odio aenean sed adipiscing diam donec adipiscing. Dignissim convallis aenean et tortor at risus viverra adipiscing. Tristique magna sit amet purus. Id ornare arcu odio ut sem nulla. Amet nulla facilisi morbi tempus iaculis urna id volutpat lacus. Ullamcorper eget nulla facilisi etiam dignissim diam quis enim lobortis. Laoreet suspendisse interdum consectetur libero id. Bibendum arcu vitae elementum curabitur vitae nunc sed velit.</p>



<p>Amet massa vitae tortor condimentum lacinia. Sodales ut eu sem integer vitae justo. Sed euismod nisi porta lorem mollis aliquam. Tempus egestas sed sed risus. Etiam non quam lacus suspendisse faucibus interdum posuere. Diam vel quam elementum pulvinar etiam non. Tellus orci ac auctor augue mauris augue neque gravida in. Viverra aliquet eget sit amet. Arcu non odio euismod lacinia at quis risus. Sagittis orci a scelerisque purus semper eget duis at tellus. Pellentesque eu tincidunt tortor aliquam nulla facilisi.</p>
]]></content:encoded>
					
					<wfw:commentRss>/2022/03/30/bibendum-arcu-vitae-elementum-curabitur-vitae-nunc/feed/</wfw:commentRss>
			<slash:comments>0</slash:comments>
		
		
			</item>
		<item>
		<title>Diam vel quam elementum pulvinar etiam non</title>
		<link>/2022/03/30/diam-vel-quam-elementum-pulvinar-etiam-non/</link>
					<comments>/2022/03/30/diam-vel-quam-elementum-pulvinar-etiam-non/#respond</comments>
		
		<dc:creator><![CDATA[Admin]]></dc:creator>
		<pubDate>Wed, 30 Mar 2022 14:24:22 +0000</pubDate>
				<category><![CDATA[Home Cleaning]]></category>
		<guid isPermaLink="false">https://demo.creativethemes.com/blocksy/cleaning-service/?p=598</guid>

					<description><![CDATA[Lorem ipsum dolor sit amet, consectetur adipiscing elit, sed do eiusmod tempor incididunt ut labore et dolore magna aliqua. Justo laoreet sit amet cursus sit amet dictum sit. Viverra vitae [&#8230;]]]></description>
										<content:encoded><![CDATA[
<p>Lorem ipsum dolor sit amet, consectetur adipiscing elit, sed do eiusmod tempor incididunt ut labore et dolore magna aliqua. Justo laoreet sit amet cursus sit amet dictum sit. Viverra vitae congue eu consequat ac felis donec et. Pellentesque habitant morbi tristique senectus et netus et malesuada. Gravida quis blandit turpis cursus in hac. Sed risus ultricies tristique nulla aliquet enim tortor at auctor. Eget magna fermentum iaculis eu non diam phasellus vestibulum lorem. Sem nulla pharetra diam sit amet nisl suscipit adipiscing. Tristique senectus et netus et malesuada. Viverra ipsum nunc aliquet bibendum enim facilisis gravida. Eros in cursus turpis massa tincidunt dui ut ornare lectus. Ut morbi tincidunt augue interdum velit. Nunc vel risus commodo viverra maecenas accumsan lacus. Facilisis gravida neque convallis a.</p>



<p>Quam quisque id diam vel quam elementum pulvinar etiam non. Justo nec ultrices dui sapien eget mi. Erat nam at lectus urna. Viverra ipsum nunc aliquet bibendum enim facilisis gravida neque convallis. Urna duis convallis convallis tellus id. Sit amet commodo nulla facilisi nullam vehicula ipsum a. Faucibus vitae aliquet nec ullamcorper sit amet. Eget velit aliquet sagittis id consectetur purus ut faucibus pulvinar. Volutpat maecenas volutpat blandit aliquam. Ac tortor vitae purus faucibus. Risus quis varius quam quisque id diam vel.</p>



<p>Augue interdum velit euismod in pellentesque massa. Morbi blandit cursus risus at ultrices mi tempus imperdiet nulla. Aliquam vestibulum morbi blandit cursus risus at. Adipiscing bibendum est ultricies integer quis auctor. Et leo duis ut diam quam nulla. Sed velit dignissim sodales ut eu. Magna etiam tempor orci eu lobortis elementum nibh tellus molestie. Ornare massa eget egestas purus. Tempus egestas sed sed risus pretium quam vulputate. Commodo sed egestas egestas fringilla. Quis ipsum suspendisse ultrices gravida dictum fusce.</p>



<p>Vitae et leo duis ut diam quam nulla porttitor. Etiam sit amet nisl purus in. Ut tortor pretium viverra suspendisse. Bibendum arcu vitae elementum curabitur vitae nunc sed velit. Cras tincidunt lobortis feugiat vivamus. Lacus sed viverra tellus in. Egestas diam in arcu cursus. Venenatis cras sed felis eget velit aliquet sagittis id consectetur. Suspendisse interdum consectetur libero id faucibus. Non tellus orci ac auctor augue mauris. Nibh praesent tristique magna sit amet purus gravida. A erat nam at lectus urna duis. Morbi quis commodo odio aenean sed adipiscing diam donec adipiscing. Dignissim convallis aenean et tortor at risus viverra adipiscing. Tristique magna sit amet purus. Id ornare arcu odio ut sem nulla. Amet nulla facilisi morbi tempus iaculis urna id volutpat lacus. Ullamcorper eget nulla facilisi etiam dignissim diam quis enim lobortis. Laoreet suspendisse interdum consectetur libero id. Bibendum arcu vitae elementum curabitur vitae nunc sed velit.</p>



<p>Amet massa vitae tortor condimentum lacinia. Sodales ut eu sem integer vitae justo. Sed euismod nisi porta lorem mollis aliquam. Tempus egestas sed sed risus. Etiam non quam lacus suspendisse faucibus interdum posuere. Diam vel quam elementum pulvinar etiam non. Tellus orci ac auctor augue mauris augue neque gravida in. Viverra aliquet eget sit amet. Arcu non odio euismod lacinia at quis risus. Sagittis orci a scelerisque purus semper eget duis at tellus. Pellentesque eu tincidunt tortor aliquam nulla facilisi.</p>
]]></content:encoded>
					
					<wfw:commentRss>/2022/03/30/diam-vel-quam-elementum-pulvinar-etiam-non/feed/</wfw:commentRss>
			<slash:comments>0</slash:comments>
		
		
			</item>
		<item>
		<title>Viverra ipsum nunc aliquet bibendum enim facilisis</title>
		<link>/2022/03/30/viverra-ipsum-nunc-aliquet-bibendum-enim-facilisis/</link>
					<comments>/2022/03/30/viverra-ipsum-nunc-aliquet-bibendum-enim-facilisis/#respond</comments>
		
		<dc:creator><![CDATA[Admin]]></dc:creator>
		<pubDate>Wed, 30 Mar 2022 14:22:45 +0000</pubDate>
				<category><![CDATA[Home Cleaning]]></category>
		<guid isPermaLink="false">https://demo.creativethemes.com/blocksy/cleaning-service/?p=595</guid>

					<description><![CDATA[Lorem ipsum dolor sit amet, consectetur adipiscing elit, sed do eiusmod tempor incididunt ut labore et dolore magna aliqua. Justo laoreet sit amet cursus sit amet dictum sit. Viverra vitae [&#8230;]]]></description>
										<content:encoded><![CDATA[
<p>Lorem ipsum dolor sit amet, consectetur adipiscing elit, sed do eiusmod tempor incididunt ut labore et dolore magna aliqua. Justo laoreet sit amet cursus sit amet dictum sit. Viverra vitae congue eu consequat ac felis donec et. Pellentesque habitant morbi tristique senectus et netus et malesuada. Gravida quis blandit turpis cursus in hac. Sed risus ultricies tristique nulla aliquet enim tortor at auctor. Eget magna fermentum iaculis eu non diam phasellus vestibulum lorem. Sem nulla pharetra diam sit amet nisl suscipit adipiscing. Tristique senectus et netus et malesuada. Viverra ipsum nunc aliquet bibendum enim facilisis gravida. Eros in cursus turpis massa tincidunt dui ut ornare lectus. Ut morbi tincidunt augue interdum velit. Nunc vel risus commodo viverra maecenas accumsan lacus. Facilisis gravida neque convallis a.</p>



<p>Quam quisque id diam vel quam elementum pulvinar etiam non. Justo nec ultrices dui sapien eget mi. Erat nam at lectus urna. Viverra ipsum nunc aliquet bibendum enim facilisis gravida neque convallis. Urna duis convallis convallis tellus id. Sit amet commodo nulla facilisi nullam vehicula ipsum a. Faucibus vitae aliquet nec ullamcorper sit amet. Eget velit aliquet sagittis id consectetur purus ut faucibus pulvinar. Volutpat maecenas volutpat blandit aliquam. Ac tortor vitae purus faucibus. Risus quis varius quam quisque id diam vel.</p>



<p>Augue interdum velit euismod in pellentesque massa. Morbi blandit cursus risus at ultrices mi tempus imperdiet nulla. Aliquam vestibulum morbi blandit cursus risus at. Adipiscing bibendum est ultricies integer quis auctor. Et leo duis ut diam quam nulla. Sed velit dignissim sodales ut eu. Magna etiam tempor orci eu lobortis elementum nibh tellus molestie. Ornare massa eget egestas purus. Tempus egestas sed sed risus pretium quam vulputate. Commodo sed egestas egestas fringilla. Quis ipsum suspendisse ultrices gravida dictum fusce.</p>



<p>Vitae et leo duis ut diam quam nulla porttitor. Etiam sit amet nisl purus in. Ut tortor pretium viverra suspendisse. Bibendum arcu vitae elementum curabitur vitae nunc sed velit. Cras tincidunt lobortis feugiat vivamus. Lacus sed viverra tellus in. Egestas diam in arcu cursus. Venenatis cras sed felis eget velit aliquet sagittis id consectetur. Suspendisse interdum consectetur libero id faucibus. Non tellus orci ac auctor augue mauris. Nibh praesent tristique magna sit amet purus gravida. A erat nam at lectus urna duis. Morbi quis commodo odio aenean sed adipiscing diam donec adipiscing. Dignissim convallis aenean et tortor at risus viverra adipiscing. Tristique magna sit amet purus. Id ornare arcu odio ut sem nulla. Amet nulla facilisi morbi tempus iaculis urna id volutpat lacus. Ullamcorper eget nulla facilisi etiam dignissim diam quis enim lobortis. Laoreet suspendisse interdum consectetur libero id. Bibendum arcu vitae elementum curabitur vitae nunc sed velit.</p>



<p>Amet massa vitae tortor condimentum lacinia. Sodales ut eu sem integer vitae justo. Sed euismod nisi porta lorem mollis aliquam. Tempus egestas sed sed risus. Etiam non quam lacus suspendisse faucibus interdum posuere. Diam vel quam elementum pulvinar etiam non. Tellus orci ac auctor augue mauris augue neque gravida in. Viverra aliquet eget sit amet. Arcu non odio euismod lacinia at quis risus. Sagittis orci a scelerisque purus semper eget duis at tellus. Pellentesque eu tincidunt tortor aliquam nulla facilisi.</p>
]]></content:encoded>
					
					<wfw:commentRss>/2022/03/30/viverra-ipsum-nunc-aliquet-bibendum-enim-facilisis/feed/</wfw:commentRss>
			<slash:comments>0</slash:comments>
		
		
			</item>
	</channel>
</rss>
