<?xml version="1.0" encoding="UTF-8"?><rss version="2.0"
	xmlns:content="http://purl.org/rss/1.0/modules/content/"
	xmlns:wfw="http://wellformedweb.org/CommentAPI/"
	xmlns:dc="http://purl.org/dc/elements/1.1/"
	xmlns:atom="http://www.w3.org/2005/Atom"
	xmlns:sy="http://purl.org/rss/1.0/modules/syndication/"
	xmlns:slash="http://purl.org/rss/1.0/modules/slash/"
	>

<channel>
	<title>wedding &#8211; Website Hizmet | Hazır Site | Kurulum</title>
	<atom:link href="/category/wedding/feed/" rel="self" type="application/rss+xml" />
	<link></link>
	<description></description>
	<lastBuildDate>Mon, 26 Jul 2021 22:45:35 +0000</lastBuildDate>
	<language>en-US</language>
	<sy:updatePeriod>
	hourly	</sy:updatePeriod>
	<sy:updateFrequency>
	1	</sy:updateFrequency>
	<generator>https://wordpress.org/?v=6.5</generator>
	<item>
		<title>Is Wedding Any Good? 15 Ways You Can Be Certain</title>
		<link>/2021/07/26/is-wedding-any-good-15-ways-you-can-be-certain/</link>
					<comments>/2021/07/26/is-wedding-any-good-15-ways-you-can-be-certain/#respond</comments>
		
		<dc:creator><![CDATA[Admin]]></dc:creator>
		<pubDate>Mon, 26 Jul 2021 22:45:35 +0000</pubDate>
				<category><![CDATA[wedding]]></category>
		<guid isPermaLink="false">/2021/07/26/is-wedding-any-good-15-ways-you-can-be-certain/</guid>

					<description><![CDATA[Elevated their elopement by dousing a sailboat and their table in colorful florals. Plus, they added a unique message to the sail that read, “souls tend to go back to [&#8230;]]]></description>
										<content:encoded><![CDATA[<p>Elevated their elopement by dousing a sailboat and their table in colorful florals. Plus, they added a unique message to the sail that read, “souls tend to go back to who feels like home”—talk about butterflies in our stomachs.</p>
<p>So without wasting any more time, let’s get on to it. First up: Let’s look at some of the most crucial aspects or features that are required in every travel company website.</p>
<figure class="wp-block-image alignwide size-full"></figure>
<p>Enabling Online Travel Booking and Reservations</p>
<p>Before you can win over any visitor or potential customer, you must make a great first impression as a company. Your story about WHY and HOW your company came into existence is one of the most important things you can communicate to your audience.</p>
<p>If your visitors like you as a company, they are more likely to purchase services from you. So, your company’s story is crucial to be communicated in the right way and in the most beautiful manner possible.</p>
<blockquote class="wp-block-quote is-style-default"><p><em>The needs of a small-time tour operator are a lot different from the needs of a large international travel agency itself.</em></p>
<p><cite><strong>Steve Doe – </strong>Partner</cite></p></blockquote>
<hr />
<p><img fetchpriority="high" decoding="async" class=" wp-image-180 alignleft" src="https://rishidemos.com/wedding/wp-content/uploads/sites/15/2021/08/gallery-five1-300x289.png" alt="" width="245" height="236" />Eventually, you must also offer them attractive and competitive tour packages. You must be able to clearly communicate to your customers what your services are, how they are different from others compelling manner.</p>
<p>Of course, you would want your visitors to conveniently reach out to you and contact you. You would want to display all the crucial information about your company, including a map that would show your visitors where exactly they will find you.</p>
<h5>Displaying Company Information</h5>
<p>Here are the major fear of rejection symptoms identified by psychologists:</p>
<ul>
<li>It’s all the better if you can accept payments online so that you can close the sales then and there.</li>
<li>It is much easier and convenient for your customers as well, and you too increase your chance of generating leads.</li>
<li>To make sure that your travel company website is compatible with some kind of online payment mechanism.</li>
<li>These will be crucial and highly beneficial for you later in the process.</li>
</ul>
<h1>H1: Reject the Fulfilling Prophecy</h1>
<p>This is my average total monthly spending from one year living in Seattle’s Capitol Hill, one year living in San Francisco’s Upper Haight, one year traveling to 20 countries, and one month at a hotel in Bali. It is much cheaper for me to travel. Since the majority of my costs are from trains and flights, it’s significantly cheaper if I stay in one place.</p>
<h2>H2:Focus On How You Want to Be</h2>
<p>This is my average total monthly spending from one year living in Seattle’s Capitol Hill, one year living in San Francisco’s Upper Haight, one year traveling to 20 countries, and one month at a hotel in Bali. It is much cheaper for me to travel. Since the majority of my costs are from trains and flights.</p>
<h3>H3: Construct a Narrative</h3>
<p>Instead of working during the daylight hours and pushing all my free time to the worst part of the day, I prefer to enjoy the days and work at night. I get out of bed faster when I’m excited to go out, and when I don’t have to commute there’s just more time in the day. I like to work 7 days a week with flexible hours so I can take a day off when I please or enjoy an empty movie theater at 2pm.</p>
<h4>H4: Tap Into Your Imagination</h4>
<p>I now have friends all over the world whose life experiences are very different than mine and bring fresh perspectives to my ideas. I’m learning about the real problems that affect the world on a global scale, which will make me.</p>
<h5>H5: Embrace Not Knowing</h5>
<p>There’s a growing community of “digital nomads” who live a location independent lifestyle. We’re software developers, designers, writers, journalists, engineers, and all sorts of people who share a passion for the work we do.</p>
<h6>H6: Remember You Will Survive</h6>
<p>Three years ago I was preparing to leave my job at Microsoft to move to San Francisco to start a startup. My friend asked me “but why do you need to be in San Francisco when you can work on a computer from anywhere?” His question made a lot of sense. As I thought about it more, I began to question my assumptions about a “normal life” which don’t make sense in our modern world.</p>
<h1>H1: Heading 1</h1>
<h2>H2: Heading 2</h2>
<h3>H3: Heading 3</h3>
<h4>H4: Heading 4</h4>
<h5>H5: Heading 5</h5>
<h6>H6: Heading 6</h6>
<div class="wp-block-spacer" aria-hidden="true"></div>
<p>Three years ago I was preparing to leave my job at Microsoft to move to San Francisco to start a startup. My friend asked me “but why do you need to be in San Francisco when you can work on a computer from anywhere?” His question made a lot of sense. As I thought about it more, I began to question my assumptions about a “normal life” which don’t make sense in our modern world.</p>
<h5>Displaying Company Information</h5>
<p>Here are the major fear of rejection symptoms identified by psychologists:</p>
<ul>
<li>It’s all the better if you can accept payments online so that you can close the sales then and there.</li>
<li>It is much easier and convenient for your customers as well, and you too increase your chance of generating leads.</li>
<li>To make sure that your travel company website is compatible with some kind of online payment mechanism.</li>
<li>These will be crucial and highly beneficial for you later in the process.</li>
</ul>
<p>Three years ago I was preparing to leave my job at Microsoft to move to San Francisco to start a startup. My friend asked me “but why do you need to be in San Francisco when you can work on a computer from anywhere?” His question made a lot of sense. As I thought about it more, I began to question my assumptions about a “normal life” which don’t make sense in our modern world.</p>
]]></content:encoded>
					
					<wfw:commentRss>/2021/07/26/is-wedding-any-good-15-ways-you-can-be-certain/feed/</wfw:commentRss>
			<slash:comments>0</slash:comments>
		
		
			</item>
		<item>
		<title>Now Is The Time For You To Know The Truth About Wedding</title>
		<link>/2021/07/26/now-is-the-time-for-you-to-know-the-truth-about-wedding/</link>
					<comments>/2021/07/26/now-is-the-time-for-you-to-know-the-truth-about-wedding/#respond</comments>
		
		<dc:creator><![CDATA[Admin]]></dc:creator>
		<pubDate>Mon, 26 Jul 2021 21:35:08 +0000</pubDate>
				<category><![CDATA[wedding]]></category>
		<guid isPermaLink="false">/2021/07/26/now-is-the-time-for-you-to-know-the-truth-about-wedding/</guid>

					<description><![CDATA[This romantic location was the perfect spot to celebrate their love and exchange their vows. So without wasting any more time, let’s get on to it. First up: Let’s look [&#8230;]]]></description>
										<content:encoded><![CDATA[<p>This romantic location was the perfect spot to celebrate their love and exchange their vows.</p>
<p>So without wasting any more time, let’s get on to it. First up: Let’s look at some of the most crucial aspects or features that are required in every travel company website.</p>
<figure class="wp-block-image alignwide size-full"></figure>
<p>Enabling Online Travel Booking and Reservations</p>
<p>Before you can win over any visitor or potential customer, you must make a great first impression as a company. Your story about WHY and HOW your company came into existence is one of the most important things you can communicate to your audience.</p>
<p>If your visitors like you as a company, they are more likely to purchase services from you. So, your company’s story is crucial to be communicated in the right way and in the most beautiful manner possible.</p>
<blockquote class="wp-block-quote is-style-default"><p><em>The needs of a small-time tour operator are a lot different from the needs of a large international travel agency itself.</em></p>
<p><cite><strong>Steve Doe – </strong>Partner</cite></p></blockquote>
<hr />
<p><img decoding="async" class="wp-image-179 alignright" src="https://rishidemos.com/wedding/wp-content/uploads/sites/15/2021/08/gallery-three1-300x289.png" alt="" width="210" height="202" />Eventually, you must also offer them attractive and competitive tour packages. You must be able to clearly communicate to your customers what your services are, how they are different from others compelling manner.</p>
<p>Of course, you would want your visitors to conveniently reach out to you and contact you. You would want to display all the crucial information about your company, including a map that would show your visitors where exactly they will find you.</p>
<h5>Displaying Company Information</h5>
<p>Here are the major fear of rejection symptoms identified by psychologists:</p>
<ul>
<li>It’s all the better if you can accept payments online so that you can close the sales then and there.</li>
<li>It is much easier and convenient for your customers as well, and you too increase your chance of generating leads.</li>
<li>To make sure that your travel company website is compatible with some kind of online payment mechanism.</li>
<li>These will be crucial and highly beneficial for you later in the process.</li>
</ul>
<h1>H1: Reject the Fulfilling Prophecy</h1>
<p>This is my average total monthly spending from one year living in Seattle’s Capitol Hill, one year living in San Francisco’s Upper Haight, one year traveling to 20 countries, and one month at a hotel in Bali. It is much cheaper for me to travel. Since the majority of my costs are from trains and flights, it’s significantly cheaper if I stay in one place.</p>
<h2>H2:Focus On How You Want to Be</h2>
<p>This is my average total monthly spending from one year living in Seattle’s Capitol Hill, one year living in San Francisco’s Upper Haight, one year traveling to 20 countries, and one month at a hotel in Bali. It is much cheaper for me to travel. Since the majority of my costs are from trains and flights.</p>
<h3>H3: Construct a Narrative</h3>
<p>Instead of working during the daylight hours and pushing all my free time to the worst part of the day, I prefer to enjoy the days and work at night. I get out of bed faster when I’m excited to go out, and when I don’t have to commute there’s just more time in the day. I like to work 7 days a week with flexible hours so I can take a day off when I please or enjoy an empty movie theater at 2pm.</p>
<h4>H4: Tap Into Your Imagination</h4>
<p>I now have friends all over the world whose life experiences are very different than mine and bring fresh perspectives to my ideas. I’m learning about the real problems that affect the world on a global scale, which will make me.</p>
<h5>H5: Embrace Not Knowing</h5>
<p>There’s a growing community of “digital nomads” who live a location independent lifestyle. We’re software developers, designers, writers, journalists, engineers, and all sorts of people who share a passion for the work we do.</p>
<h6>H6: Remember You Will Survive</h6>
<p>Three years ago I was preparing to leave my job at Microsoft to move to San Francisco to start a startup. My friend asked me “but why do you need to be in San Francisco when you can work on a computer from anywhere?” His question made a lot of sense. As I thought about it more, I began to question my assumptions about a “normal life” which don’t make sense in our modern world.</p>
<h1>H1: Heading 1</h1>
<h2>H2: Heading 2</h2>
<h3>H3: Heading 3</h3>
<h4>H4: Heading 4</h4>
<h5>H5: Heading 5</h5>
<h6>H6: Heading 6</h6>
<div class="wp-block-spacer" aria-hidden="true"></div>
<p>Three years ago I was preparing to leave my job at Microsoft to move to San Francisco to start a startup. My friend asked me “but why do you need to be in San Francisco when you can work on a computer from anywhere?” His question made a lot of sense. As I thought about it more, I began to question my assumptions about a “normal life” which don’t make sense in our modern world.</p>
<h5>Displaying Company Information</h5>
<p>Here are the major fear of rejection symptoms identified by psychologists:</p>
<ul>
<li>It’s all the better if you can accept payments online so that you can close the sales then and there.</li>
<li>It is much easier and convenient for your customers as well, and you too increase your chance of generating leads.</li>
<li>To make sure that your travel company website is compatible with some kind of online payment mechanism.</li>
<li>These will be crucial and highly beneficial for you later in the process.</li>
</ul>
<p>Three years ago I was preparing to leave my job at Microsoft to move to San Francisco to start a startup. My friend asked me “but why do you need to be in San Francisco when you can work on a computer from anywhere?” His question made a lot of sense. As I thought about it more, I began to question my assumptions about a “normal life” which don’t make sense in our modern world.</p>
]]></content:encoded>
					
					<wfw:commentRss>/2021/07/26/now-is-the-time-for-you-to-know-the-truth-about-wedding/feed/</wfw:commentRss>
			<slash:comments>0</slash:comments>
		
		
			</item>
		<item>
		<title>15 Ways To Introduce Wedding</title>
		<link>/2021/07/22/15-ways-to-introduce-wedding/</link>
					<comments>/2021/07/22/15-ways-to-introduce-wedding/#respond</comments>
		
		<dc:creator><![CDATA[Admin]]></dc:creator>
		<pubDate>Thu, 22 Jul 2021 06:34:43 +0000</pubDate>
				<category><![CDATA[wedding]]></category>
		<guid isPermaLink="false">/2021/07/22/15-ways-to-introduce-wedding/</guid>

					<description><![CDATA[Emotional ceremony, and some delicious dessert options–we’re talking pie&#160;and&#160;cake. So keep scrolling to see how these two lovebirds let the good times roll. Eventually, you must also offer them attractive [&#8230;]]]></description>
										<content:encoded><![CDATA[
<p>Emotional ceremony, and some delicious dessert options–we’re talking pie&nbsp;<em>and&nbsp;</em>cake. So keep scrolling to see how these two lovebirds let the good times roll.</p>


<p>Eventually, you must also offer them attractive and competitive tourpackages. You must be able to clearly communicate to your customers what your services are, how they are different from others compelling manner.</p>
<p>So without wasting any more time, let’s get on to it. First up: Let’s look at some of the most crucial aspects or features that are required in every travel company website.</p>
<figure class="wp-block-image size-full is-resized"></figure>
<p>Enabling Online Travel Booking and Reservations</p>
<p>Before you can win over any visitor or potential customer, you must make a great first impression as a company. Your story about WHY and HOW your company came into existence is one of the most important things you can communicate to your audience.</p>
<p>If your visitors like you as a company, they are more likely to purchase services from you. So, your company’s story is crucial to be communicated in the right way and in the most beautiful manner possible.</p>
<blockquote class="wp-block-quote is-style-default">
<p><em>The needs of a small-time tour operator are a lot different from the needs of a large international travel agency itself.</em></p>
<p><cite><strong>Steve Doe – </strong>Partner</cite></p>
</blockquote>
<hr />
<p>Eventually, you must also offer them attractive and competitive tour packages. You must be able to clearly communicate to your customers what your services are, how they are different from others compelling manner.</p>
<p>Of course, you would want your visitors to conveniently reach out to you and contact you. You would want to display all the crucial information about your company, including a map that would show your visitors where exactly they will find you.</p>
<h5>Displaying Company Information</h5>
<p>Here are the major fear of rejection symptoms identified by psychologists:</p>
<ul>
<li>It’s all the better if you can accept payments online so that you can close the sales then and there.</li>
<li>It is much easier and convenient for your customers as well, and you too increase your chance of generating leads.</li>
<li>To make sure that your travel company website is compatible with some kind of online payment mechanism.</li>
<li>These will be crucial and highly beneficial for you later in the process.</li>
</ul>
<h1>H1: Reject the Fulfilling Prophecy</h1>
<p>This is my average total monthly spending from one year living in Seattle’s Capitol Hill, one year living in San Francisco’s Upper Haight, one year traveling to 20 countries, and one month at a hotel in Bali. It is much cheaper for me to travel. Since the majority of my costs are from trains and flights, it’s significantly cheaper if I stay in one place.</p>
<h2>H2:Focus On How You Want to Be</h2>
<p>This is my average total monthly spending from one year living in Seattle’s Capitol Hill, one year living in San Francisco’s Upper Haight, one year traveling to 20 countries, and one month at a hotel in Bali. It is much cheaper for me to travel. Since the majority of my costs are from trains and flights.</p>
<h3>H3: Construct a Narrative</h3>
<p>Instead of working during the daylight hours and pushing all my free time to the worst part of the day, I prefer to enjoy the days and work at night. I get out of bed faster when I’m excited to go out, and when I don’t have to commute there’s just more time in the day. I like to work 7 days a week with flexible hours so I can take a day off when I please or enjoy an empty movie theater at 2pm.</p>
<h4>H4: Tap Into Your Imagination</h4>
<p>I now have friends all over the world whose life experiences are very different than mine and bring fresh perspectives to my ideas. I’m learning about the real problems that affect the world on a global scale, which will make me.</p>
<h5>H5: Embrace Not Knowing</h5>
<p>There’s a growing community of “digital nomads” who live a location independent lifestyle. We’re software developers, designers, writers, journalists, engineers, and all sorts of people who share a passion for the work we do.</p>
<h6>H6: Remember You Will Survive</h6>
<p>Three years ago I was preparing to leave my job at Microsoft to move to San Francisco to start a startup. My friend asked me “but why do you need to be in San Francisco when you can work on a computer from anywhere?” His question made a lot of sense. As I thought about it more, I began to question my assumptions about a “normal life” which don’t make sense in our modern world.</p>
<h1>H1: Heading 1</h1>
<h2>H2: Heading 2</h2>
<h3>H3: Heading 3</h3>
<h4>H4: Heading 4</h4>
<h5>H5: Heading 5</h5>
<h6>H6: Heading 6</h6>
<div class="wp-block-spacer" aria-hidden="true"> </div>
<p>Three years ago I was preparing to leave my job at Microsoft to move to San Francisco to start a startup. My friend asked me “but why do you need to be in San Francisco when you can work on a computer from anywhere?” His question made a lot of sense. As I thought about it more, I began to question my assumptions about a “normal life” which don’t make sense in our modern world.</p>
<h5>Displaying Company Information</h5>
<p>Here are the major fear of rejection symptoms identified by psychologists:</p>
<ul>
<li>It’s all the better if you can accept payments online so that you can close the sales then and there.</li>
<li>It is much easier and convenient for your customers as well, and you too increase your chance of generating leads.</li>
<li>To make sure that your travel company website is compatible with some kind of online payment mechanism.</li>
<li>These will be crucial and highly beneficial for you later in the process.</li>
</ul>
<p>Three years ago I was preparing to leave my job at Microsoft to move to San Francisco to start a startup. My friend asked me “but why do you need to be in San Francisco when you can work on a computer from anywhere?” His question made a lot of sense. As I thought about it more, I began to question my assumptions about a “normal life” which don’t make sense in our modern world.</p>
<figure class="wp-block-table is-style-stripes">
<table>
<thead>
<tr>
<th><strong>Name</strong></th>
<th>Position</th>
<th>Office</th>
</tr>
</thead>
<tbody>
<tr>
<td>Erica Romaguera</td>
<td>Coach</td>
<td>Audi</td>
</tr>
<tr>
<td>Caleigh Jerde</td>
<td>Lawyer</td>
<td>Pizza Hut</td>
</tr>
<tr>
<td>Lucas Schultz</td>
<td>Librarian</td>
<td>Burberry</td>
</tr>
<tr>
<td>Carole Marvin</td>
<td>Educator</td>
<td>Starbucks</td>
</tr>
<tr>
<td>Woodrow Nikolaus</td>
<td>Massage Therapist</td>
<td>Jack Daniel’s</td>
</tr>
</tbody>
</table>
</figure>]]></content:encoded>
					
					<wfw:commentRss>/2021/07/22/15-ways-to-introduce-wedding/feed/</wfw:commentRss>
			<slash:comments>0</slash:comments>
		
		
			</item>
	</channel>
</rss>
